pre,post,value
I1L,I2L,1
I1L,I3,1
I1L,I5,1
I1L,I6,1
I1L,M2L,1
I1L,M3L,1
I1L,M3R,1
I1L,MCL,1
I1L,MCR,1
I1L,MI,1
I1L,NSML,1
I1L,pm1,1
I1L,pm3VL,1
I1L,pm4D,1
I1L,pm4VL,1
I1R,I2R,1
I1R,I3,1
I1R,I5,1
I1R,M1,1
I1R,M2L,1
I1R,M2R,1
I1R,M3L,1
I1R,M3R,1
I1R,MCL,1
I1R,MCR,1
I1R,MI,1
I1R,NSML,1
I1R,NSMR,1
I1R,pm1,1
I1R,pm3D,1
I1R,pm3VR,1
I1R,pm4D,1
I1R,pm4VR,1
I1R,pm5D,1
I1R,pm5VR,1
I2L,I1L,1
I2L,I2R,1
I2L,I4,1
I2L,I5,1
I2L,I6,1
I2L,M1,1
I2L,M3R,1
I2L,M4,1
I2L,NSML,1
I2L,NSMR,1
I2L,pm3VL,1
I2L,pm4VL,1
I2L,pm5D,1
I2L,pm5VL,1
I2L,pm5VR,1
I2L,e3VL,1
I2R,I1R,1
I2R,I2L,1
I2R,I4,1
I2R,I5,1
I2R,I6,1
I2R,M1,1
I2R,M2R,1
I2R,M3R,1
I2R,M4,1
I2R,MCL,1
I2R,NSML,1
I2R,NSMR,1
I2R,pm1,1
I2R,pm3VR,1
I2R,pm4D,1
I2R,pm4VL,1
I2R,pm5VL,1
I2R,pm5VR,1
I2R,e3VR,1
I3,I1L,1
I3,I1R,1
I3,I5,1
I3,I6,1
I3,M1,1
I3,M2L,1
I3,M3L,1
I3,M3R,1
I3,M4,1
I3,MCL,1
I3,MCR,1
I3,MI,1
I3,NSMR,1
I3,pm4D,1
I3,pm5D,1
I4,I2R,1
I4,I5,1
I4,M2L,1
I4,M3L,1
I4,M3R,1
I4,MI,1
I4,NSML,1
I4,NSMR,1
I4,pm4D,1
I4,pm5VL,1
I4,pm5VR,1
I5,I1L,1
I5,I2L,1
I5,I2R,1
I5,I3,1
I5,I4,1
I5,M1,1
I5,M2L,1
I5,M3L,1
I5,M3R,1
I5,M4,1
I5,M5,1
I5,MI,1
I5,NSML,1
I5,NSMR,1
I5,pm5VL,1
I5,pm5VR,1
I5,pm6VL,1
I5,g1AL,1
I5,g1AR,1
I6,I1R,1
I6,I2L,1
I6,I2R,1
I6,I3,1
I6,M3L,1
I6,M4,1
I6,NSML,1
I6,NSMR,1
I6,pm5D,1
I6,g1p,1
I6,bm,1
M1,I1R,1
M1,I2L,1
M1,I2R,1
M1,I3,1
M1,I4,1
M1,I5,1
M1,M4,1
M1,M5,1
M1,MI,1
M1,NSML,1
M1,pm2D,1
M1,pm2VL,1
M1,pm3VL,1
M1,pm4D,1
M1,pm5D,1
M1,e3D,1
M1,e3VL,1
M1,g1p,1
M1,RIPL,1
M2L,I3,1
M2L,I4,1
M2L,I5,1
M2L,M3L,1
M2L,M3R,1
M2L,pm4D,1
M2L,pm4VL,1
M2L,pm5D,1
M2L,pm5VL,1
M2L,g1AL,1
M2R,I4,1
M2R,I5,1
M2R,M3L,1
M2R,M3R,1
M2R,NSMR,1
M2R,pm4D,1
M2R,pm4VR,1
M2R,pm5VR,1
M2R,g1AR,1
M3L,NSML,1
M3L,pm4D,1
M3L,pm4VL,1
M3L,pm5D,1
M3L,pm5VL,1
M3R,M4,1
M3R,pm4D,1
M3R,pm4VR,1
M3R,g1AR,1
M3R,bm,1
M4,I4,1
M4,I5,1
M4,M2L,1
M4,M3L,1
M4,M4,1
M4,MCL,1
M4,pm4VR,1
M4,pm5D,1
M4,pm5VL,1
M4,pm5VR,1
M4,g1p,1
M4,g1AL,1
M4,g1AR,1
M4,g2L,1
M5,I5,1
M5,M1,1
M5,pm5VL,1
M5,pm5VR,1
M5,pm6D,1
M5,pm6VL,1
M5,pm6VR,1
M5,pm7D,1
M5,pm7VR,1
M5,mc3V,1
M5,g1AL,1
M5,g1AR,1
M5,g2L,1
M5,g2R,1
MCL,mc2DR,1
MCL,mc2V,1
MCR,mc2DL,1
MCR,mc2DR,1
MCR,mc2V,1
MI,I1L,1
MI,I3,1
MI,I4,1
MI,M1,1
MI,M2L,1
MI,M2R,1
MI,M3L,1
MI,M3R,1
MI,MCL,1
MI,NSML,1
MI,NSMR,1
MI,pm4D,1
MI,pm4VL,1
MI,pm4VR,1
MI,pm5D,1
NSML,I4,1
NSML,I6,1
NSML,M3L,1
NSML,M3R,1
NSML,M4,1
NSML,NSMR,1
NSML,pm4VL,1
NSML,pm5D,1
NSML,pm5VL,1
NSML,pm5VR,1
NSML,bm,1
NSMR,I2L,1
NSMR,I2R,1
NSMR,I4,1
NSMR,I6,1
NSMR,M3R,1
NSMR,pm4D,1
NSMR,pm5D,1
NSMR,pm5VL,1
NSMR,pm5VR,1
NSMR,bm,1
ASIL,AWAR,1
ASIL,ASGL,1
ASIL,ASER,1
ASIL,ADFL,1
ASIL,AWCL,1
ASIL,AWCR,1
ASIL,ASKL,1
ASIL,CEPVR,1
ASIL,AIYL,1
ASIL,AIYR,1
ASIL,AIAL,1
ASIL,AIZL,1
ASIL,RIBL,1
ASIL,AIBL,1
ASIL,SAAVL,1
ASIL,RIAL,1
ASIL,RMFL,1
ASIR,AWAR,1
ASIR,ASGR,1
ASIR,ASEL,1
ASIR,ASER,1
ASIR,AWCL,1
ASIR,AWCR,1
ASIR,ASHR,1
ASIR,ADLR,1
ASIR,CEPVR,1
ASIR,AIAL,1
ASIR,AIAR,1
ASIR,AIBR,1
ASIR,CEPshVR,1
ASIR,hyp,1
ASJL,ASKL,1
ASJL,ASKR,1
ASJL,CEPDL,1
ASJL,ALA,1
ASJL,PVQL,1
ASJL,HSNL,1
ASJL,HSNR,1
ASJR,ASKR,1
ASJR,PVQR,1
ASJR,hyp,1
ASJR,HSNR,1
AWAL,ASGL,1
AWAL,AWBL,1
AWAL,ASEL,1
AWAL,AFDL,1
AWAL,ASHL,1
AWAL,AIYL,1
AWAL,AIZL,1
AWAL,ADAL,1
AWAR,ASIL,1
AWAR,ASGR,1
AWAR,AWBR,1
AWAR,ASER,1
AWAR,ADFR,1
AWAR,AFDR,1
AWAR,RIR,1
AWAR,AIYR,1
AWAR,AIAR,1
AWAR,AUAR,1
AWAR,AIZR,1
AWAR,RIFR,1
AWAR,RIGR,1
ASGL,ASKL,1
ASGL,AINR,1
ASGL,AIAL,1
ASGL,AIBL,1
ASGR,ASER,1
ASGR,AIYR,1
ASGR,AIAR,1
ASGR,AIBR,1
AWBL,AWAL,1
AWBL,ASEL,1
AWBL,ADFL,1
AWBL,AWCL,1
AWBL,ASHL,1
AWBL,AIYL,1
AWBL,AIAL,1
AWBL,AIZL,1
AWBL,AVHR,1
AWBL,RIGL,1
AWBL,AIBR,1
AWBL,RIAL,1
AWBL,AVBL,1
AWBL,SMBDL,1
AWBL,SMBVL,1
AWBL,HSNL,1
AWBR,ASGR,1
AWBR,ASER,1
AWBR,ADFR,1
AWBR,ASHR,1
AWBR,URYVR,1
AWBR,OLQVR,1
AWBR,AIMR,1
AWBR,RIR,1
AWBR,AIYR,1
AWBR,AIZR,1
AWBR,RIFR,1
AWBR,RIAR,1
AWBR,AVBR,1
AWBR,HSNL,1
AWBR,HSNR,1
ASEL,ASJL,1
ASEL,AWBL,1
ASEL,ASER,1
ASEL,ADFR,1
ASEL,AFDR,1
ASEL,AWCL,1
ASEL,AWCR,1
ASEL,IL2R,1
ASEL,OLLR,1
ASEL,RIR,1
ASEL,AIYL,1
ASEL,AIYR,1
ASEL,AIAL,1
ASEL,AIZL,1
ASEL,AIBL,1
ASEL,AIBR,1
ASEL,RIAR,1
ASER,AWAR,1
ASER,ASEL,1
ASER,AFDL,1
ASER,AFDR,1
ASER,AWCL,1
ASER,AWCR,1
ASER,ASKL,1
ASER,ASHR,1
ASER,ADLL,1
ASER,ADLR,1
ASER,AIYL,1
ASER,AIYR,1
ASER,AIAL,1
ASER,AIAR,1
ASER,AIZL,1
ASER,AIBL,1
ASER,AIBR,1
ASER,hyp,1
ADFL,AWBL,1
ADFL,AFDL,1
ADFL,AWCR,1
ADFL,ADLL,1
ADFL,URXL,1
ADFL,RIR,1
ADFL,AIAL,1
ADFL,AUAL,1
ADFL,AIZL,1
ADFL,ADAL,1
ADFL,RIBL,1
ADFL,RIGL,1
ADFL,RIGR,1
ADFL,AIBL,1
ADFL,AIBR,1
ADFL,RIAL,1
ADFL,RIVL,1
ADFL,SMDVL,1
ADFL,SMBDL,1
ADFL,SMBVL,1
ADFR,AWAR,1
ADFR,AWBR,1
ADFR,ADFR,1
ADFR,AFDR,1
ADFR,AWCR,1
ADFR,ASHR,1
ADFR,BAGL,1
ADFR,URXR,1
ADFR,URYVR,1
ADFR,OLQVR,1
ADFR,RIH,1
ADFR,RIR,1
ADFR,AIYR,1
ADFR,AUAR,1
ADFR,AIZR,1
ADFR,ADAR,1
ADFR,AVHL,1
ADFR,PVPR,1
ADFR,RIGR,1
ADFR,RIAR,1
ADFR,SMBDR,1
ADFR,SMBVR,1
AFDL,AWBL,1
AFDL,ASEL,1
AFDL,ASER,1
AFDL,AFDL,1
AFDL,AINR,1
AFDL,AIYL,1
AFDL,AIBL,1
AFDR,ASEL,1
AFDR,ASER,1
AFDR,AFDL,1
AFDR,AIYR,1
AWCL,ASIL,1
AWCL,ASGR,1
AWCL,ASER,1
AWCL,AFDL,1
AWCL,AWCR,1
AWCL,AIYL,1
AWCL,AIAL,1
AWCL,AIAR,1
AWCL,AIZL,1
AWCL,AIBL,1
AWCL,AIBR,1
AWCL,RIAL,1
AWCL,AVAL,1
AWCL,SMDVL,1
AWCR,ASIL,1
AWCR,ASIR,1
AWCR,ASGR,1
AWCR,ASEL,1
AWCR,ASER,1
AWCR,ADFR,1
AWCR,AWCL,1
AWCR,ASHR,1
AWCR,IL2L,1
AWCR,AIYL,1
AWCR,AIYR,1
AWCR,AIAL,1
AWCR,AIAR,1
AWCR,AIBL,1
AWCR,AIBR,1
AWCR,RIAL,1
AWCR,RIVL,1
ASKL,ASJL,1
ASKL,ASER,1
ASKL,AIML,1
ASKL,AIAL,1
ASKL,AIBL,1
ASKR,AWAR,1
ASKR,ASGR,1
ASKR,ASER,1
ASKR,ADLR,1
ASKR,CEPVR,1
ASKR,AIMR,1
ASKR,AIAL,1
ASKR,AIAR,1
ASKR,ALA,1
ASKR,RIFR,1
ASKR,AIBR,1
ASKR,HSNL,1
ASHL,ADFL,1
ASHL,ASKL,1
ASHL,ADLL,1
ASHL,URXL,1
ASHL,RIR,1
ASHL,AIAL,1
ASHL,AIZL,1
ASHL,ADAL,1
ASHL,AVFL,1
ASHL,AVHR,1
ASHL,AIBL,1
ASHL,AVDL,1
ASHL,AVDR,1
ASHL,RIAL,1
ASHL,RIML,1
ASHL,AVBL,1
ASHL,AVAL,1
ASHL,AVAR,1
ASHL,RIPL,1
ASHL,HSNL,1
ASHR,AWAR,1
ASHR,AWBL,1
ASHR,ADFR,1
ASHR,ASHR,1
ASHR,ADLR,1
ASHR,AIAR,1
ASHR,ADAR,1
ASHR,AVHL,1
ASHR,PVPR,1
ASHR,RMGR,1
ASHR,AIBR,1
ASHR,AVDL,1
ASHR,AVDR,1
ASHR,RIAR,1
ASHR,AVER,1
ASHR,AVBR,1
ASHR,AVAR,1
ASHR,PVCL,1
ASHR,SMBVR,1
ASHR,HSNL,1
ASHR,HSNR,1
ADLL,AWAL,1
ADLL,ASGL,1
ADLL,AWBL,1
ADLL,ASEL,1
ADLL,ASER,1
ADLL,AWCL,1
ADLL,ASHL,1
ADLL,OLQVL,1
ADLL,RIR,1
ADLL,AIAL,1
ADLL,ALA,1
ADLL,ADAL,1
ADLL,RIGL,1
ADLL,AIBL,1
ADLL,AVJL,1
ADLL,AVJR,1
ADLL,AVDL,1
ADLL,AVDR,1
ADLL,RIAL,1
ADLL,AVBL,1
ADLL,AVAL,1
ADLL,AVAR,1
ADLL,RIPL,1
ADLL,SMBVL,1
ADLR,ASER,1
ADLR,AWCR,1
ADLR,ASHR,1
ADLR,ADLR,1
ADLR,URXR,1
ADLR,CEPVR,1
ADLR,OLLR,1
ADLR,OLQVR,1
ADLR,URBR,1
ADLR,AIAR,1
ADLR,ADAR,1
ADLR,RIFR,1
ADLR,AIBR,1
ADLR,RICL,1
ADLR,RICR,1
ADLR,AVJL,1
ADLR,AVJR,1
ADLR,AVDL,1
ADLR,AVDR,1
ADLR,AVBL,1
ADLR,AVBR,1
ADLR,AVAR,1
ADLR,PVCL,1
ADLR,RIPR,1
ADLR,SMBVR,1
ADLR,SIBVL,1
BAGL,ADFR,1
BAGL,BAGR,1
BAGL,URXR,1
BAGL,CEPVR,1
BAGL,AINL,1
BAGL,AUAR,1
BAGL,AIZR,1
BAGL,RIBR,1
BAGL,RIGL,1
BAGL,RIGR,1
BAGL,AIBL,1
BAGL,RIAR,1
BAGL,AVEL,1
BAGL,AVER,1
BAGL,RID,1
BAGL,AVAR,1
BAGL,RIPR,1
BAGL,URAVR,1
BAGL,RIVR,1
BAGL,CEPshVR,1
BAGR,BAGL,1
BAGR,AQR,1
BAGR,OLQVL,1
BAGR,AIYL,1
BAGR,RIBL,1
BAGR,RIBR,1
BAGR,RIGL,1
BAGR,RIAL,1
BAGR,AVEL,1
BAGR,AVAL,1
BAGR,SMDVL,1
URXL,ASIL,1
URXL,ADFL,1
URXL,ASHL,1
URXL,BAGR,1
URXL,URXL,1
URXL,IL2L,1
URXL,CEPDL,1
URXL,OLQVL,1
URXL,IL1DL,1
URXL,AIML,1
URXL,RIR,1
URXL,AUAL,1
URXL,AIZL,1
URXL,ADAL,1
URXL,RIGL,1
URXL,RMGL,1
URXL,RICL,1
URXL,AVJR,1
URXL,AVDR,1
URXL,RIAL,1
URXL,AVEL,1
URXL,RID,1
URXL,AVBL,1
URXL,AVAL,1
URXL,HSNR,1
URXR,AWBR,1
URXR,ADFR,1
URXR,ADLR,1
URXR,ALMR,1
URXR,CEPDR,1
URXR,OLQVR,1
URXR,AIMR,1
URXR,URBR,1
URXR,RIR,1
URXR,AUAR,1
URXR,ADAR,1
URXR,RIFR,1
URXR,RIGR,1
URXR,RMGR,1
URXR,RICR,1
URXR,RIAR,1
URXR,AVER,1
URXR,AVBL,1
URXR,AVBR,1
URXR,AVAR,1
URXR,RIPR,1
URXR,RMDDL,1
URXR,RMDR,1
URXR,SMBVR,1
URXR,SIADL,1
URXR,SIAVR,1
ALNL,RMGL,1
ALNL,SAAVL,1
ALNL,RIAL,1
ALNL,RMDDR,1
ALNL,RMHL,1
ALNL,SMDVL,1
ALNL,SMBDR,1
ALNL,SIADR,1
ALNR,ADER,1
ALNR,SAAVR,1
ALNR,RIML,1
ALNR,AVAL,1
ALNR,SMDDR,1
ALNR,SMDVL,1
ALNR,SMBDL,1
PLNL,SAADL,1
PLNL,SMBVL,1
PLNL,SIAVL,1
PLNR,SAADR,1
PLNR,SAAVL,1
PLNR,RMDVL,1
PLNR,SMDVL,1
PLNR,SMBVR,1
PLNR,SIAVR,1
SDQL,ALML,1
SDQL,FLPL,1
SDQL,DVA,1
SDQL,RIS,1
SDQL,PVR,1
SDQL,AIBR,1
SDQL,RICR,1
SDQL,SAADR,1
SDQL,AVDL,1
SDQL,AVEL,1
SDQL,RMFL,1
SDQL,AVBL,1
SDQL,AVBR,1
SDQL,AVAL,1
SDQL,AVAR,1
SDQL,PVCL,1
SDQL,RIPR,1
SDQL,SMBDR,1
SDQL,SIBVL,1
SDQL,SIADR,1
SDQR,ADLL,1
SDQR,SDQL,1
SDQR,ALML,1
SDQR,DVA,1
SDQR,AIBL,1
SDQR,RICL,1
SDQR,RICR,1
SDQR,AVBL,1
SDQR,AVBR,1
SDQR,AVAL,1
SDQR,RMHL,1
SDQR,RMHR,1
SDQR,SIADL,1
SDQR,vBWMR7,1
AQR,BAGL,1
AQR,BAGR,1
AQR,URXL,1
AQR,DVA,1
AQR,RIR,1
AQR,PVPL,1
AQR,PVPR,1
AQR,RIGL,1
AQR,AVJL,1
AQR,AVDL,1
AQR,AVDR,1
AQR,RIAL,1
AQR,RIAR,1
AQR,AVBL,1
AQR,AVBR,1
AQR,AVAL,1
AQR,AVAR,1
AQR,PVCL,1
AQR,PVCR,1
PQR,PHBL,1
PQR,AVHL,1
PQR,PVPR,1
PQR,LUAR,1
PQR,PVNL,1
PQR,AVG,1
PQR,AVJR,1
PQR,AVDL,1
PQR,AVDR,1
PQR,AVAL,1
PQR,AVAR,1
PQR,PVCL,1
PQR,PVCR,1
PQR,DA08,1
PQR,DB07,1
PQR,AS11,1
ALML,SDQL,1
ALML,ALML,1
ALML,CEPDL,1
ALML,CEPVL,1
ALML,AIML,1
ALML,RIFL,1
ALML,BDUL,1
ALML,RMGL,1
ALML,RICL,1
ALML,RICR,1
ALML,AVDR,1
ALML,AVEL,1
ALML,PVCL,1
ALML,PVCR,1
ALML,RMDDR,1
ALML,SMBDR,1
ALML,hyp,1
ALMR,CEPDR,1
ALMR,CEPVR,1
ALMR,URBR,1
ALMR,BDUR,1
ALMR,PVCR,1
ALMR,RMDDL,1
ALMR,SMDDL,1
ALMR,SIADL,1
AVM,ADER,1
AVM,BDUL,1
AVM,BDUR,1
AVM,PVR,1
AVM,AVHL,1
AVM,PVNL,1
AVM,PVNR,1
AVM,AVKL,1
AVM,AVJR,1
AVM,AVDL,1
AVM,AVDR,1
AVM,RID,1
AVM,AVBL,1
AVM,AVBR,1
AVM,PVCL,1
AVM,PVCR,1
AVM,SIBVL,1
AVM,DA01,1
AVM,VA02,1
AVM,VB03,1
AVM,hyp,1
PVM,AVM,1
PVM,PVM,1
PVM,DVA,1
PVM,PDEL,1
PVM,PDER,1
PVM,PVR,1
PVM,AVKL,1
PVM,PVCL,1
PVM,PVCR,1
PVM,vBWMR10,1
PVM,hyp,1
PLML,DVA,1
PLML,PDEL,1
PLML,PDER,1
PLML,AVDR,1
PLML,AVAL,1
PLML,AVAR,1
PLML,VA09,1
PLML,hyp,1
PLMR,DVA,1
PLMR,PDEL,1
PLMR,PDER,1
PLMR,AVDL,1
PLMR,AVDR,1
PLMR,AVAL,1
PLMR,AVAR,1
FLPL,FLPR,1
FLPL,DVA,1
FLPL,ADEL,1
FLPL,ADER,1
FLPL,RIS,1
FLPL,AIBL,1
FLPL,AIBR,1
FLPL,AVDL,1
FLPL,AVDR,1
FLPL,AVBL,1
FLPL,AVBR,1
FLPL,AVAL,1
FLPL,AVAR,1
FLPL,PVCR,1
FLPL,DD01,1
FLPL,VA01,1
FLPL,hyp,1
FLPR,FLPL,1
FLPR,DVA,1
FLPR,ADER,1
FLPR,ADAL,1
FLPR,ADAR,1
FLPR,AVJL,1
FLPR,AVJR,1
FLPR,AVDL,1
FLPR,AVDR,1
FLPR,AVEL,1
FLPR,AVER,1
FLPR,AVBL,1
FLPR,AVBR,1
FLPR,AVAL,1
FLPR,AVAR,1
FLPR,PVCL,1
FLPR,VB01,1
FLPR,hyp,1
DVA,URXL,1
DVA,AQR,1
DVA,PDEL,1
DVA,URYDL,1
DVA,RIR,1
DVA,AUAL,1
DVA,AUAR,1
DVA,AIZL,1
DVA,AIZR,1
DVA,PVR,1
DVA,PVPR,1
DVA,SAADR,1
DVA,SAAVL,1
DVA,SAAVR,1
DVA,AVDR,1
DVA,RIAL,1
DVA,RIAR,1
DVA,RIMR,1
DVA,AVEL,1
DVA,AVER,1
DVA,AVBL,1
DVA,AVBR,1
DVA,AVAL,1
DVA,AVAR,1
DVA,PVCL,1
DVA,PVCR,1
DVA,SABD,1
DVA,SMDVL,1
DVA,SMBDL,1
DVA,SMBDR,1
DVA,SMBVL,1
DVA,SMBVR,1
DVA,DA02,1
DVA,DB02,1
DVA,DB03,1
DVA,DB04,1
DVA,DB07,1
DVA,VA02,1
DVA,VA06,1
DVA,VA08,1
DVA,VA12,1
DVA,VB01,1
DVA,VB07,1
DVA,VB11,1
DVA,vBWML22,1
DVA,hyp,1
PVDL,PVDR,1
PVDL,AVFL,1
PVDL,PVPL,1
PVDL,AVG,1
PVDL,AVDL,1
PVDL,AVDR,1
PVDL,AVAL,1
PVDL,AVAR,1
PVDL,PVCL,1
PVDL,PVCR,1
PVDL,DD05,1
PVDL,VD10,1
PVDL,hyp,1
PVDR,DVA,1
PVDR,PVDL,1
PVDR,PVR,1
PVDR,AVDL,1
PVDR,AVAL,1
PVDR,AVAR,1
PVDR,PVCL,1
PVDR,PVCR,1
PVDR,VA09,1
PVDR,VA12,1
PVDR,VB05,1
PVDR,VB06,1
PVDR,hyp,1
ADEL,ALML,1
ADEL,FLPL,1
ADEL,ADEL,1
ADEL,ADER,1
ADEL,IL2L,1
ADEL,CEPDL,1
ADEL,CEPVL,1
ADEL,OLLL,1
ADEL,IL1L,1
ADEL,RIH,1
ADEL,URBL,1
ADEL,ADAL,1
ADEL,RIFL,1
ADEL,BDUL,1
ADEL,AVHL,1
ADEL,RIGL,1
ADEL,RIGR,1
ADEL,RMGL,1
ADEL,SAADR,1
ADEL,AVDL,1
ADEL,AVL,1
ADEL,RIAL,1
ADEL,AVEL,1
ADEL,AVAL,1
ADEL,AVAR,1
ADEL,RMER,1
ADEL,RMDL,1
ADEL,RIVL,1
ADEL,RIVR,1
ADEL,RMHL,1
ADEL,RMHR,1
ADEL,SMBDR,1
ADEL,SMBVL,1
ADEL,SIBDR,1
ADEL,SIADR,1
ADEL,VB01,1
ADEL,dBWML3,1
ADEL,dBWML5,1
ADEL,vBWML1,1
ADEL,hyp,1
ADER,ASIR,1
ADER,URXR,1
ADER,ALNR,1
ADER,FLPL,1
ADER,FLPR,1
ADER,ADEL,1
ADER,IL2R,1
ADER,CEPDR,1
ADER,CEPVR,1
ADER,OLLR,1
ADER,IL1R,1
ADER,URBR,1
ADER,ADAR,1
ADER,RIGL,1
ADER,RIGR,1
ADER,RMGR,1
ADER,AVJR,1
ADER,AVDR,1
ADER,RIAR,1
ADER,AVER,1
ADER,AVAL,1
ADER,AVAR,1
ADER,RMDL,1
ADER,RMDR,1
ADER,SMDVR,1
ADER,dBWMR4,1
ADER,CEPshDR,1
PDEL,PVM,1
PDEL,DVA,1
PDEL,PDER,1
PDEL,PVR,1
PDEL,AVKL,1
PDEL,hyp,1
PDER,PVM,1
PDER,DVA,1
PDER,AVKL,1
PDER,PVCL,1
PDER,PVCR,1
PDER,VB02,1
PDER,hyp,1
PHAL,DVA,1
PHAL,PHAR,1
PHAL,PHBL,1
PHAL,PHBR,1
PHAL,PVQL,1
PHAL,AVFL,1
PHAL,AVHL,1
PHAL,AVHR,1
PHAL,AVG,1
PHAL,AVDR,1
PHAL,DA08,1
PHAR,DVA,1
PHAR,PHAL,1
PHAR,PHBL,1
PHAR,PHBR,1
PHAR,PVQL,1
PHAR,PVQR,1
PHAR,AVHR,1
PHAR,PVPL,1
PHAR,AVG,1
PHAR,PVT,1
PHAR,AVDR,1
PHAR,DA08,1
PHBL,PHBR,1
PHBL,PVNL,1
PHBL,AVG,1
PHBL,AVDL,1
PHBL,AVDR,1
PHBL,AVAL,1
PHBL,AVAR,1
PHBL,PVCL,1
PHBL,DA08,1
PHBL,AS11,1
PHBL,VA12,1
PHBL,hyp,1
PHBR,PHBL,1
PHBR,PHCL,1
PHBR,PHCR,1
PHBR,AVDL,1
PHBR,AVDR,1
PHBR,AVAL,1
PHBR,AVAR,1
PHBR,PVCL,1
PHBR,PVCR,1
PHBR,VA12,1
PHCL,DVA,1
PHCL,PHAR,1
PHCL,PHCR,1
PHCL,PVQR,1
PHCL,AVHR,1
PHCL,LUAL,1
PHCL,AVAL,1
PHCL,PVCL,1
PHCL,DA09,1
PHCL,VA12,1
PHCR,DVA,1
PHCR,PHAR,1
PHCR,PHCL,1
PHCR,PVQR,1
PHCR,AVHR,1
PHCR,LUAR,1
PHCR,PVCR,1
PHCR,DA09,1
PHCR,VA12,1
IL2DL,IL2DL,1
IL2DL,OLQDL,1
IL2DL,IL1DL,1
IL2DL,RIH,1
IL2DL,AUAL,1
IL2DL,RIBL,1
IL2DL,AVBR,1
IL2DL,RIPL,1
IL2DL,URADL,1
IL2DL,RMEL,1
IL2DL,RMER,1
IL2DL,RMED,1
IL2DL,RMEV,1
IL2DL,RMHL,1
IL2DR,CEPDR,1
IL2DR,OLQDR,1
IL2DR,IL1DR,1
IL2DR,RICL,1
IL2DR,RICR,1
IL2DR,RIPL,1
IL2DR,RIPR,1
IL2DR,URADR,1
IL2DR,RMEL,1
IL2DR,RMER,1
IL2DR,RMED,1
IL2DR,RMEV,1
IL2L,URXL,1
IL2L,ADEL,1
IL2L,OLQDL,1
IL2L,OLQVL,1
IL2L,IL1L,1
IL2L,RIH,1
IL2L,RICL,1
IL2L,AVEL,1
IL2L,URAVL,1
IL2L,RMER,1
IL2L,RMEV,1
IL2L,RMDR,1
IL2R,URXR,1
IL2R,ADER,1
IL2R,OLLR,1
IL2R,OLQDR,1
IL2R,OLQVR,1
IL2R,IL1R,1
IL2R,RIH,1
IL2R,URBR,1
IL2R,RMGR,1
IL2R,AVER,1
IL2R,URADR,1
IL2R,URAVR,1
IL2R,RMEL,1
IL2R,RMEV,1
IL2R,RMDL,1
IL2VL,BAGR,1
IL2VL,IL2L,1
IL2VL,OLQVL,1
IL2VL,IL1VL,1
IL2VL,RIH,1
IL2VL,DVC,1
IL2VL,RIAL,1
IL2VL,RIPL,1
IL2VL,URAVL,1
IL2VL,RMEL,1
IL2VL,RMER,1
IL2VL,RMEV,1
IL2VR,ADLR,1
IL2VR,URXR,1
IL2VR,OLQVR,1
IL2VR,IL1VR,1
IL2VR,RIH,1
IL2VR,RIAR,1
IL2VR,AVAL,1
IL2VR,RIPR,1
IL2VR,URAVR,1
IL2VR,RMEL,1
IL2VR,RMER,1
IL2VR,RMED,1
IL2VR,RMEV,1
IL2VR,SIADR,1
IL2VR,CEPshVR,1
CEPDL,AFDL,1
CEPDL,ALML,1
CEPDL,IL2DL,1
CEPDL,CEPDR,1
CEPDL,URYDL,1
CEPDL,OLLL,1
CEPDL,OLQDL,1
CEPDL,IL1DL,1
CEPDL,AINL,1
CEPDL,RIH,1
CEPDL,URBL,1
CEPDL,RIS,1
CEPDL,RIBL,1
CEPDL,RMGL,1
CEPDL,RICL,1
CEPDL,RICR,1
CEPDL,AVER,1
CEPDL,RIPL,1
CEPDL,URADL,1
CEPDL,RMDDL,1
CEPDL,RMDVL,1
CEPDL,RMHL,1
CEPDL,RMHR,1
CEPDL,SMBDR,1
CEPDL,SIBDR,1
CEPDL,SIADR,1
CEPDL,dBWML5,1
CEPDR,URXR,1
CEPDR,CEPDR,1
CEPDR,URYDR,1
CEPDR,OLLR,1
CEPDR,OLQDR,1
CEPDR,IL1DR,1
CEPDR,IL1R,1
CEPDR,RIH,1
CEPDR,URBR,1
CEPDR,RIFR,1
CEPDR,BDUR,1
CEPDR,RIBR,1
CEPDR,RMGR,1
CEPDR,RICL,1
CEPDR,RICR,1
CEPDR,AVEL,1
CEPDR,URADR,1
CEPDR,RMDR,1
CEPDR,RMDVR,1
CEPDR,RMHL,1
CEPDR,RMHR,1
CEPDR,SMBDL,1
CEPDR,SIBVR,1
CEPDR,dBWMR3,1
CEPDR,dBWMR5,1
CEPVL,URXL,1
CEPVL,URYVL,1
CEPVL,OLLL,1
CEPVL,OLQVL,1
CEPVL,IL1VL,1
CEPVL,PVR,1
CEPVL,RIBL,1
CEPVL,RMGL,1
CEPVL,RICL,1
CEPVL,RICR,1
CEPVL,RIAL,1
CEPVL,AVER,1
CEPVL,RIPL,1
CEPVL,URAVL,1
CEPVL,RMDDL,1
CEPVL,RMDVR,1
CEPVL,RMHL,1
CEPVL,RMHR,1
CEPVL,SMDVR,1
CEPVL,SMBVL,1
CEPVL,SIAVL,1
CEPVL,vBWML5,1
CEPVL,vBWML7,1
CEPVL,CEPshVL,1
CEPVL,exc_gl,1
CEPVR,ASGR,1
CEPVR,ADLR,1
CEPVR,IL2VR,1
CEPVR,CEPDR,1
CEPVR,URYVR,1
CEPVR,OLLR,1
CEPVR,OLQVR,1
CEPVR,IL1VR,1
CEPVR,RICL,1
CEPVR,RICR,1
CEPVR,RIAL,1
CEPVR,RIAR,1
CEPVR,AVEL,1
CEPVR,RIPR,1
CEPVR,URAVR,1
CEPVR,RMDDR,1
CEPVR,RIVL,1
CEPVR,RMHR,1
CEPVR,SMDDR,1
CEPVR,SMBVR,1
CEPVR,SIAVR,1
CEPVR,vBWMR3,1
CEPVR,vBWMR5,1
CEPVR,vBWMR8,1
CEPVR,CEPshVR,1
URYDL,OLLL,1
URYDL,OLQDL,1
URYDL,IL1DL,1
URYDL,AIZL,1
URYDL,RIBL,1
URYDL,AVEL,1
URYDL,AVER,1
URYDL,RMDDR,1
URYDL,RMDVL,1
URYDL,SMDDL,1
URYDL,SMDDR,1
URYDR,AWCL,1
URYDR,URXR,1
URYDR,CEPDR,1
URYDR,OLQDR,1
URYDR,IL1DR,1
URYDR,RIBR,1
URYDR,AVEL,1
URYDR,AVER,1
URYDR,AVBL,1
URYDR,RMED,1
URYDR,RMDDL,1
URYDR,RMDVR,1
URYDR,SMDDL,1
URYDR,SMDVR,1
URYDR,dBWMR2,1
URYDR,GLRDR,1
URYVL,URXL,1
URYVL,CEPVL,1
URYVL,OLLL,1
URYVL,OLQVL,1
URYVL,IL1VL,1
URYVL,RIH,1
URYVL,RIS,1
URYVL,ADAL,1
URYVL,RIBL,1
URYVL,AVJR,1
URYVL,AVDR,1
URYVL,RIAL,1
URYVL,AVER,1
URYVL,RID,1
URYVL,AVBR,1
URYVL,RMDDL,1
URYVL,RMDVR,1
URYVL,SMDVR,1
URYVL,SIBVL,1
URYVL,SIBVR,1
URYVL,CEPshVL,1
URYVR,CEPVR,1
URYVR,IL1VR,1
URYVR,ADAR,1
URYVR,RIBR,1
URYVR,AVL,1
URYVR,RIAR,1
URYVR,AVEL,1
URYVR,AVBL,1
URYVR,AVAL,1
URYVR,RMDDR,1
URYVR,RMDL,1
URYVR,RMDVL,1
URYVR,SMDVL,1
URYVR,SMBDR,1
URYVR,SIBDR,1
URYVR,SIBVL,1
OLLL,ADEL,1
OLLL,CEPDL,1
OLLL,CEPVL,1
OLLL,URYDL,1
OLLL,URYVL,1
OLLL,OLLL,1
OLLL,IL1VL,1
OLLL,RIBL,1
OLLL,AVER,1
OLLL,RMEL,1
OLLL,RMDDL,1
OLLL,RMDL,1
OLLL,RMDVL,1
OLLL,SMDDL,1
OLLL,SMDDR,1
OLLL,SMDVR,1
OLLR,ADER,1
OLLR,IL2R,1
OLLR,CEPDR,1
OLLR,CEPVR,1
OLLR,OLLR,1
OLLR,OLQDR,1
OLLR,IL1DR,1
OLLR,IL1VR,1
OLLR,RIS,1
OLLR,RIBR,1
OLLR,AVEL,1
OLLR,RMER,1
OLLR,RMED,1
OLLR,RMDDR,1
OLLR,RMDL,1
OLLR,RMDR,1
OLLR,RMDVR,1
OLLR,SMDDL,1
OLLR,SMDDR,1
OLLR,SMDVL,1
OLLR,SMDVR,1
OLQDL,CEPDL,1
OLQDL,URYDL,1
OLQDL,RIH,1
OLQDL,RICR,1
OLQDL,RMEL,1
OLQDL,RMED,1
OLQDL,RMDDL,1
OLQDL,RMDDR,1
OLQDL,RMHL,1
OLQDL,SIBVL,1
OLQDL,dBWML6,1
OLQDR,IL1DR,1
OLQDR,RIH,1
OLQDR,RICL,1
OLQDR,RICR,1
OLQDR,RMER,1
OLQDR,RMDDL,1
OLQDR,RMHR,1
OLQDR,SIBVR,1
OLQVL,IL2L,1
OLQVL,RICL,1
OLQVL,AVDR,1
OLQVL,AVAL,1
OLQVL,RMDVR,1
OLQVL,RMHL,1
OLQVL,SIBDL,1
OLQVL,SIAVL,1
OLQVR,IL1VR,1
OLQVR,RIH,1
OLQVR,RICR,1
OLQVR,RIPR,1
OLQVR,RMER,1
OLQVR,RMDVL,1
OLQVR,RMHR,1
OLQVR,SIBDR,1
IL1DL,IL2DL,1
IL1DL,RIPL,1
IL1DL,URADL,1
IL1DL,RMEL,1
IL1DL,RMDDR,1
IL1DL,RMDVL,1
IL1DL,dBWML1,1
IL1DL,dBWML2,1
IL1DL,dBWML3,1
IL1DL,dBWML6,1
IL1DL,dBWMR7,1
IL1DR,IL2DR,1
IL1DR,URYDR,1
IL1DR,OLLR,1
IL1DR,IL1DR,1
IL1DR,IL1R,1
IL1DR,PVR,1
IL1DR,RIPR,1
IL1DR,URADR,1
IL1DR,RMDDL,1
IL1DR,RMDVR,1
IL1DR,dBWMR1,1
IL1DR,dBWMR2,1
IL1DR,dBWMR3,1
IL1L,ADEL,1
IL1L,IL2L,1
IL1L,OLLL,1
IL1L,URBL,1
IL1L,RMGL,1
IL1L,AVER,1
IL1L,URAVL,1
IL1L,RMER,1
IL1L,RMDDL,1
IL1L,RMDR,1
IL1L,RMDVL,1
IL1L,RMDVR,1
IL1L,dBWML3,1
IL1L,dBWML4,1
IL1L,dBWML5,1
IL1L,vBWML1,1
IL1L,vBWML2,1
IL1L,vBWML4,1
IL1R,URXR,1
IL1R,OLLR,1
IL1R,AVEL,1
IL1R,AVER,1
IL1R,RMEL,1
IL1R,RMDDL,1
IL1R,RMDDR,1
IL1R,RMDL,1
IL1R,RMDR,1
IL1R,RMDVL,1
IL1R,RMDVR,1
IL1R,RMHL,1
IL1R,dBWMR3,1
IL1R,dBWMR4,1
IL1R,dBWMR5,1
IL1R,vBWMR4,1
IL1VL,URYVL,1
IL1VL,OLQVL,1
IL1VL,IL1L,1
IL1VL,IL1VL,1
IL1VL,AVL,1
IL1VL,RIPL,1
IL1VL,URAVL,1
IL1VL,RMDDL,1
IL1VL,RMDVR,1
IL1VL,RMHL,1
IL1VL,vBWML1,1
IL1VL,vBWML2,1
IL1VR,IL2VR,1
IL1VR,OLLR,1
IL1VR,OLQVR,1
IL1VR,IL1R,1
IL1VR,RIPR,1
IL1VR,URAVR,1
IL1VR,RMDDR,1
IL1VR,RMDVL,1
IL1VR,vBWMR2,1
IL1VR,vBWMR4,1
AINL,ASIL,1
AINL,ASGR,1
AINL,ASEL,1
AINL,AFDR,1
AINL,BAGL,1
AINL,AIAR,1
AINL,AUAR,1
AINL,RIBL,1
AINL,RIBR,1
AINL,SAAVL,1
AINL,RMFL,1
AINL,RID,1
AINL,RMDVL,1
AINL,CEPshVR,1
AINL,hyp,1
AINR,ASGL,1
AINR,ASEL,1
AINR,ASER,1
AINR,AFDL,1
AINR,AFDR,1
AINR,AWCL,1
AINR,BAGR,1
AINR,URXL,1
AINR,URXR,1
AINR,CEPDL,1
AINR,AINL,1
AINR,AINR,1
AINR,AIAL,1
AINR,AUAL,1
AINR,AUAR,1
AINR,RIBL,1
AINR,AIBL,1
AINR,RID,1
AINR,CEPshDL,1
AIML,ASJL,1
AIML,ASGL,1
AIML,ASKL,1
AIML,URXL,1
AIML,ALML,1
AIML,CEPDL,1
AIML,AIAL,1
AIML,PVQL,1
AIML,RIFL,1
AIML,AVFL,1
AIML,AVFR,1
AIML,AVHL,1
AIML,AVHR,1
AIML,RMGL,1
AIML,AVJL,1
AIML,AVDL,1
AIML,RID,1
AIML,SMBVL,1
AIML,CEPshDL,1
AIML,CEPshVL,1
AIMR,ASJR,1
AIMR,ASGR,1
AIMR,ADFR,1
AIMR,ASKR,1
AIMR,URXR,1
AIMR,CEPVR,1
AIMR,OLQDR,1
AIMR,AIMR,1
AIMR,AIAR,1
AIMR,ALA,1
AIMR,RIFR,1
AIMR,BDUR,1
AIMR,AVFL,1
AIMR,AVFR,1
AIMR,AVHR,1
AIMR,PVNR,1
AIMR,RMGR,1
AIMR,AVJR,1
AIMR,AVDR,1
AIMR,AVAR,1
AIMR,RMDR,1
AIMR,HSNL,1
AIMR,HSNR,1
RIH,ADFR,1
RIH,BAGL,1
RIH,BAGR,1
RIH,IL2L,1
RIH,IL2R,1
RIH,IL2VL,1
RIH,IL2VR,1
RIH,CEPDL,1
RIH,CEPVL,1
RIH,CEPVR,1
RIH,URYVR,1
RIH,OLQDL,1
RIH,OLQDR,1
RIH,OLQVL,1
RIH,OLQVR,1
RIH,AIYL,1
RIH,AIYR,1
RIH,AUAR,1
RIH,AIZL,1
RIH,AIZR,1
RIH,RIBL,1
RIH,RIBR,1
RIH,RIAL,1
RIH,RIAR,1
RIH,RIPL,1
RIH,RIPR,1
RIH,URAVR,1
RIH,RMER,1
RIH,RMEV,1
RIH,CEPshVR,1
URBL,URXL,1
URBL,CEPDL,1
URBL,URYDL,1
URBL,OLLL,1
URBL,IL1L,1
URBL,URBL,1
URBL,ADAL,1
URBL,PVR,1
URBL,RICL,1
URBL,RICR,1
URBL,AVBL,1
URBL,RMDDR,1
URBL,RMHR,1
URBL,SMBDR,1
URBL,SIADR,1
URBL,SIAVL,1
URBR,ADLR,1
URBR,URXR,1
URBR,ADER,1
URBR,IL2R,1
URBR,CEPDR,1
URBR,CEPVR,1
URBR,OLLR,1
URBR,OLQDR,1
URBR,IL1DR,1
URBR,IL1R,1
URBR,ADAR,1
URBR,RMGR,1
URBR,RICL,1
URBR,RICR,1
URBR,AVDL,1
URBR,AVBR,1
URBR,RMDL,1
URBR,RMDR,1
URBR,SMBDL,1
URBR,SMBVR,1
URBR,SIBDR,1
URBR,SIBVR,1
URBR,SIADL,1
URBR,SIAVR,1
RIR,AWBR,1
RIR,ADFL,1
RIR,ADFR,1
RIR,AFDR,1
RIR,ASHL,1
RIR,ASHR,1
RIR,BAGR,1
RIR,URXL,1
RIR,URXR,1
RIR,AQR,1
RIR,DVA,1
RIR,AIMR,1
RIR,AUAL,1
RIR,AIZL,1
RIR,AIZR,1
RIR,ADAR,1
RIR,PVPL,1
RIR,PVPR,1
RIR,RIGL,1
RIR,RIGR,1
RIR,RMGL,1
RIR,RMGR,1
RIR,RIAL,1
RIR,RIAR,1
RIR,AVEL,1
RIR,HSNL,1
AIYL,AWAL,1
AIYL,ASER,1
AIYL,AFDL,1
AIYL,AWCL,1
AIYL,AWCR,1
AIYL,RIH,1
AIYL,RIR,1
AIYL,AIZL,1
AIYL,RIBL,1
AIYL,AIBL,1
AIYL,RIAL,1
AIYL,HSNR,1
AIYR,AWAR,1
AIYR,ASGR,1
AIYR,AWBR,1
AIYR,ASEL,1
AIYR,ASER,1
AIYR,ADFR,1
AIYR,AFDR,1
AIYR,BAGR,1
AIYR,AINL,1
AIYR,AIYL,1
AIYR,AIZR,1
AIYR,RIBR,1
AIYR,RIAR,1
AIYR,RIVR,1
AIAL,ASJL,1
AIAL,ASGL,1
AIAL,ASEL,1
AIAL,ASER,1
AIAL,ADFL,1
AIAL,AWCL,1
AIAL,AWCR,1
AIAL,ASKL,1
AIAL,ASHL,1
AIAL,ADLL,1
AIAL,AIML,1
AIAL,RIR,1
AIAL,AIZL,1
AIAL,PVQL,1
AIAL,ADAL,1
AIAL,RIFL,1
AIAL,RMGL,1
AIAL,AIBL,1
AIAR,ASIR,1
AIAR,AWAR,1
AIAR,ASGR,1
AIAR,ASER,1
AIAR,AWCL,1
AIAR,AWCR,1
AIAR,ASKR,1
AIAR,ADLR,1
AIAR,AIAR,1
AIAR,AIZR,1
AIAR,ADAR,1
AIAR,RIFR,1
AIAR,AIBR,1
AUAL,ADFL,1
AUAL,BAGR,1
AUAL,URXL,1
AUAL,DVA,1
AUAL,AIYL,1
AUAL,AIZL,1
AUAL,RIBL,1
AUAL,AIBR,1
AUAL,AVDR,1
AUAL,RIAL,1
AUAL,AVEL,1
AUAL,AVAL,1
AUAR,BAGL,1
AUAR,URXR,1
AUAR,AINL,1
AUAR,AINR,1
AUAR,AIYR,1
AUAR,AIZR,1
AUAR,RIBR,1
AUAR,RIAR,1
AUAR,AVER,1
AUAR,AVAR,1
AIZL,ASEL,1
AIZL,ADFL,1
AIZL,AFDL,1
AIZL,AWCR,1
AIZL,DVA,1
AIZL,URYDL,1
AIZL,AIAL,1
AIZL,RIGL,1
AIZL,AIBL,1
AIZL,AIBR,1
AIZL,RICR,1
AIZL,AVKR,1
AIZL,RIAL,1
AIZL,RIML,1
AIZL,AVEL,1
AIZL,AVER,1
AIZL,SMDVL,1
AIZL,SMBDL,1
AIZL,SMBVL,1
AIZL,VB02,1
AIZL,vBWML7,1
AIZR,AWAR,1
AIZR,ASER,1
AIZR,ADFR,1
AIZR,AWCR,1
AIZR,DVA,1
AIZR,AIAR,1
AIZR,AIBL,1
AIZR,AIBR,1
AIZR,RIAR,1
AIZR,RIMR,1
AIZR,AVEL,1
AIZR,AVER,1
AIZR,SMDDR,1
AIZR,SMBDR,1
AIZR,SMBVR,1
AIZR,SIADR,1
RIS,CEPDL,1
RIS,CEPDR,1
RIS,CEPVL,1
RIS,CEPVR,1
RIS,URYDR,1
RIS,URYVR,1
RIS,OLLR,1
RIS,RIS,1
RIS,RIBL,1
RIS,RIBR,1
RIS,AVKL,1
RIS,AVKR,1
RIS,AVL,1
RIS,RIML,1
RIS,RIMR,1
RIS,AVEL,1
RIS,AVER,1
RIS,RMEV,1
RIS,RMDDL,1
RIS,RMDDR,1
RIS,RMDL,1
RIS,RMDR,1
RIS,SMDDL,1
RIS,SMDDR,1
RIS,SMDVL,1
RIS,SMDVR,1
ALA,ASJR,1
ALA,PVDL,1
ALA,PVDR,1
ALA,AVDR,1
ALA,RIAR,1
ALA,AVEL,1
ALA,AVER,1
ALA,RMDR,1
ALA,CEPshDL,1
ALA,CANL,1
ALA,CANR,1
ALA,exc_cell,1
ALA,hyp,1
PVQL,ASJL,1
PVQL,AWAL,1
PVQL,ASKL,1
PVQL,AIAL,1
PVQL,AVHR,1
PVQL,PVPL,1
PVQL,RMGL,1
PVQL,DA08,1
PVQL,DD06,1
PVQL,vBWMR10,1
PVQL,hyp,1
PVQL,HSNL,1
PVQL,HSNR,1
PVQR,ASJL,1
PVQR,AWAR,1
PVQR,ASER,1
PVQR,ASKR,1
PVQR,AIMR,1
PVQR,AIAL,1
PVQR,AIAR,1
PVQR,RIFR,1
PVQR,AVFR,1
PVQR,RMGR,1
PVQR,DVC,1
PVQR,PVT,1
PVQR,AVL,1
PVQR,AVBR,1
PVQR,DD01,1
PVQR,DD06,1
PVQR,VD01,1
PVQR,CEPshVR,1
PVQR,hyp,1
PVQR,VC02,1
ADAL,ADLL,1
ADAL,URXL,1
ADAL,AIAL,1
ADAL,ADAL,1
ADAL,PVPL,1
ADAL,AIBL,1
ADAL,AIBR,1
ADAL,RICL,1
ADAL,RICR,1
ADAL,AVJR,1
ADAL,AVDL,1
ADAL,AVDR,1
ADAL,RIML,1
ADAL,AVEL,1
ADAL,AVBL,1
ADAL,AVBR,1
ADAL,AVAL,1
ADAL,AVAR,1
ADAL,RIPL,1
ADAL,URAVL,1
ADAL,SMDVR,1
ADAR,ASHR,1
ADAR,URXR,1
ADAR,URYDR,1
ADAR,RIFR,1
ADAR,PVR,1
ADAR,AIBL,1
ADAR,AIBR,1
ADAR,AVJL,1
ADAR,AVDL,1
ADAR,AVDR,1
ADAR,RIMR,1
ADAR,AVEL,1
ADAR,AVBL,1
ADAR,AVBR,1
ADAR,AVAR,1
ADAR,RIPR,1
ADAR,RIVR,1
ADAR,SMDVL,1
RIFL,ALML,1
RIFL,AVHR,1
RIFL,PVPL,1
RIFL,AVJR,1
RIFL,RIML,1
RIFL,AVBL,1
RIFL,AVBR,1
RIFL,dBWML5,1
RIFR,AWBR,1
RIFR,ASHR,1
RIFR,ADLR,1
RIFR,URXR,1
RIFR,CEPVR,1
RIFR,AIZL,1
RIFR,RIFL,1
RIFR,AVFL,1
RIFR,PVPR,1
RIFR,AVJL,1
RIFR,AVJR,1
RIFR,RIAR,1
RIFR,RIMR,1
RIFR,AVBL,1
RIFR,AVBR,1
RIFR,PVCL,1
RIFR,PVCR,1
RIFR,RIPR,1
RIFR,HSNL,1
RIFR,HSNR,1
BDUL,ALML,1
BDUL,ADEL,1
BDUL,ADAL,1
BDUL,RIFL,1
BDUL,AVHL,1
BDUL,PVNL,1
BDUL,PVNR,1
BDUL,RMGL,1
BDUL,SAADL,1
BDUL,AVJR,1
BDUL,URADL,1
BDUL,dBWML5,1
BDUL,CEPshVL,1
BDUL,hyp,1
BDUL,HSNL,1
BDUR,SDQL,1
BDUR,ALMR,1
BDUR,ADER,1
BDUR,CEPVR,1
BDUR,AVHL,1
BDUR,PVNL,1
BDUR,PVNR,1
BDUR,AVJL,1
BDUR,AVBR,1
BDUR,AVAL,1
BDUR,PVCL,1
BDUR,URADR,1
BDUR,dBWMR6,1
BDUR,exc_gl,1
BDUR,HSNR,1
PVR,SDQR,1
PVR,ALMR,1
PVR,PVM,1
PVR,DVA,1
PVR,PDER,1
PVR,CEPVR,1
PVR,IL1DR,1
PVR,IL1VL,1
PVR,IL1VR,1
PVR,ADAR,1
PVR,PVR,1
PVR,AVKL,1
PVR,AVJL,1
PVR,AVJR,1
PVR,AVBL,1
PVR,AVBR,1
PVR,PVCL,1
PVR,RIPL,1
PVR,RIPR,1
PVR,URADL,1
PVR,SABD,1
PVR,DA05,1
PVR,DA09,1
PVR,DB02,1
PVR,DB03,1
PVR,DB04,1
PVR,DB07,1
PVR,VB03,1
PVR,VB07,1
PVR,vBWMR11,1
PVR,hyp,1
AVFL,PDER,1
AVFL,AIML,1
AVFL,PVQL,1
AVFL,PVQR,1
AVFL,RIFL,1
AVFL,RIFR,1
AVFL,AVFR,1
AVFL,AVHL,1
AVFL,AVHR,1
AVFL,PVNL,1
AVFL,AVG,1
AVFL,DVB,1
AVFL,AVJL,1
AVFL,AVL,1
AVFL,AVBL,1
AVFL,AVBR,1
AVFL,SMBVL,1
AVFL,AS10,1
AVFL,VB01,1
AVFL,VB02,1
AVFL,vBWML10,1
AVFL,vBWML11,1
AVFL,vBWML13,1
AVFL,vBWMR13,1
AVFL,hyp,1
AVFL,int,1
AVFL,HSNL,1
AVFL,HSNR,1
AVFL,VC01,1
AVFR,ASHR,1
AVFR,PVDL,1
AVFR,AIML,1
AVFR,AIAL,1
AVFR,PVQL,1
AVFR,AVFL,1
AVFR,AVHL,1
AVFR,AVHR,1
AVFR,PVPR,1
AVFR,AVG,1
AVFR,RMGL,1
AVFR,AVJL,1
AVFR,AVJR,1
AVFR,AVBL,1
AVFR,AVBR,1
AVFR,AVAL,1
AVFR,PVCR,1
AVFR,RMDDL,1
AVFR,VA02,1
AVFR,VD11,1
AVFR,vBWML11,1
AVFR,vBWML12,1
AVFR,vBWMR10,1
AVFR,vBWMR14,1
AVFR,hyp,1
AVFR,HSNL,1
AVFR,HSNR,1
AVHL,AWBR,1
AVHL,ADFR,1
AVHL,ASHR,1
AVHL,RIR,1
AVHL,PVQR,1
AVHL,RIFR,1
AVHL,BDUR,1
AVHL,AVFL,1
AVHL,AVFR,1
AVHL,AVHR,1
AVHL,PVPL,1
AVHL,PVPR,1
AVHL,AVJL,1
AVHL,AVJR,1
AVHL,AVDL,1
AVHL,RIMR,1
AVHL,AVBL,1
AVHL,AVBR,1
AVHL,AVAR,1
AVHL,SABD,1
AVHL,SMBDR,1
AVHL,SMBVR,1
AVHL,DD01,1
AVHL,VD01,1
AVHL,hyp,1
AVHR,AWBL,1
AVHR,ASKR,1
AVHR,ADLR,1
AVHR,AQR,1
AVHR,DVA,1
AVHR,RIR,1
AVHR,AVFL,1
AVHR,AVFR,1
AVHR,AVHL,1
AVHR,PVPL,1
AVHR,AVG,1
AVHR,RIGL,1
AVHR,AVJR,1
AVHR,AVDR,1
AVHR,AVBL,1
AVHR,AVBR,1
AVHR,AVAL,1
AVHR,SMBDL,1
AVHR,SMBVL,1
AVHR,vBWMR9,1
PVPL,AQR,1
PVPL,PVDL,1
PVPL,RIR,1
PVPL,ADAL,1
PVPL,AVHR,1
PVPL,RIGL,1
PVPL,AVDR,1
PVPL,AVBL,1
PVPL,AVBR,1
PVPL,AVAL,1
PVPL,AVAR,1
PVPL,PVCL,1
PVPL,PVCR,1
PVPL,vBWML10,1
PVPL,hyp,1
PVPR,ADFR,1
PVPR,ASHR,1
PVPR,URXR,1
PVPR,AQR,1
PVPR,PVQR,1
PVPR,AVHL,1
PVPR,AVG,1
PVPR,RIGR,1
PVPR,DVC,1
PVPR,AVJL,1
PVPR,AVL,1
PVPR,RIAR,1
PVPR,RIMR,1
PVPR,AVBL,1
PVPR,AVBR,1
PVPR,AVAL,1
PVPR,AVAR,1
PVPR,PVCL,1
PVPR,PVCR,1
PVPR,DD02,1
PVPR,vBWMR10,1
PVPR,vBWMR11,1
PVPR,HSNR,1
LUAL,PHBL,1
LUAL,PVNL,1
LUAL,AVJL,1
LUAL,AVJR,1
LUAL,AVDL,1
LUAL,AVDR,1
LUAL,PVWL,1
LUAL,AVAL,1
LUAL,AVAR,1
LUAR,PQR,1
LUAR,PVR,1
LUAR,PVNL,1
LUAR,AVJR,1
LUAR,AVDL,1
LUAR,AVDR,1
LUAR,PVWL,1
LUAR,PVWR,1
LUAR,AVAL,1
LUAR,AVAR,1
LUAR,PVCR,1
LUAR,PDB,1
LUAR,hyp,1
PVNL,PQR,1
PVNL,PVDL,1
PVNL,BDUL,1
PVNL,BDUR,1
PVNL,PVPR,1
PVNL,LUAL,1
PVNL,PVNR,1
PVNL,AVG,1
PVNL,AVJL,1
PVNL,AVJR,1
PVNL,PVT,1
PVNL,AVDL,1
PVNL,AVDR,1
PVNL,AVL,1
PVNL,PVWL,1
PVNL,PVWR,1
PVNL,AVBR,1
PVNL,AVAL,1
PVNL,PVCL,1
PVNL,DD01,1
PVNL,VA12,1
PVNL,VD12,1
PVNL,vBWML11,1
PVNL,vBWML20,1
PVNL,vBWMR11,1
PVNL,vBWMR20,1
PVNL,hyp,1
PVNR,URXL,1
PVNR,PQR,1
PVNR,ALML,1
PVNR,PVDR,1
PVNR,CEPDL,1
PVNR,URBL,1
PVNR,BDUL,1
PVNR,PVR,1
PVNR,PVNR,1
PVNR,AVJL,1
PVNR,AVJR,1
PVNR,PVT,1
PVNR,AVDL,1
PVNR,AVDR,1
PVNR,AVL,1
PVNR,PVWL,1
PVNR,PVWR,1
PVNR,AVEL,1
PVNR,AVBR,1
PVNR,AVAL,1
PVNR,PVCR,1
PVNR,DB03,1
PVNR,DD02,1
PVNR,VA05,1
PVNR,VA11,1
PVNR,VD03,1
PVNR,VD04,1
PVNR,VD06,1
PVNR,VD07,1
PVNR,VD12,1
PVNR,VD13,1
PVNR,vBWML21,1
PVNR,vBWMR20,1
PVNR,vBWMR21,1
PVNR,hyp,1
PVNR,HSNR,1
PVNR,VC02,1
AVG,PHAL,1
AVG,PVQR,1
AVG,AVFL,1
AVG,PVNL,1
AVG,PVNR,1
AVG,AVG,1
AVG,DVC,1
AVG,AVJL,1
AVG,AVJR,1
AVG,PVT,1
AVG,AVDL,1
AVG,AVDR,1
AVG,AVEL,1
AVG,AVER,1
AVG,AVBL,1
AVG,AVBR,1
AVG,AVAL,1
AVG,AVAR,1
AVG,PVCL,1
AVG,PVCR,1
AVG,DA08,1
AVG,VA06,1
AVG,vBWML10,1
AVG,vBWML11,1
AVG,vBWML16,1
AVG,vBWMR16,1
AVG,hyp,1
AVG,VC01,1
DVB,PHCL,1
DVB,PVPL,1
DVB,DVC,1
DVB,AVL,1
DVB,DA08,1
DVB,PDA,1
DVB,DD06,1
DVB,VD13,1
DVB,hyp,1
DVB,int,1
DVB,mu_intL,1
DVB,mu_intR,1
RIBL,BAGR,1
RIBL,CEPVL,1
RIBL,URYDL,1
RIBL,AUAL,1
RIBL,RIS,1
RIBL,RIGL,1
RIBL,AIBR,1
RIBL,DVC,1
RIBL,AVDR,1
RIBL,RIAL,1
RIBL,RIML,1
RIBL,AVEL,1
RIBL,AVER,1
RIBL,AVBR,1
RIBL,AVAL,1
RIBL,RMDR,1
RIBL,SMDVR,1
RIBR,BAGL,1
RIBR,URYVR,1
RIBR,OLLR,1
RIBR,AINL,1
RIBR,RIH,1
RIBR,AUAR,1
RIBR,AIZR,1
RIBR,RIS,1
RIBR,RIGR,1
RIBR,AIBL,1
RIBR,RIAR,1
RIBR,AVEL,1
RIBR,AVER,1
RIBR,AVBL,1
RIBR,AVAR,1
RIBR,RMED,1
RIBR,RMDVR,1
RIBR,SMDDL,1
RIBR,SMDVL,1
RIBR,SMDVR,1
RIGL,ADFL,1
RIGL,ADLL,1
RIGL,BAGR,1
RIGL,URXL,1
RIGL,ALNL,1
RIGL,DVA,1
RIGL,OLQVL,1
RIGL,RIH,1
RIGL,RIR,1
RIGL,AIZL,1
RIGL,AIZR,1
RIGL,PVPL,1
RIGL,RIBL,1
RIGL,RMGL,1
RIGL,AIBR,1
RIGL,AVKR,1
RIGL,AVEL,1
RIGL,AVER,1
RIGL,RMHR,1
RIGR,AFDR,1
RIGR,BAGL,1
RIGR,URXR,1
RIGR,ALNR,1
RIGR,DVA,1
RIGR,URYVR,1
RIGR,OLQVR,1
RIGR,RIR,1
RIGR,AIZR,1
RIGR,RIBR,1
RIGR,AIBL,1
RIGR,AVKL,1
RIGR,AVKR,1
RIGR,DVC,1
RIGR,PVT,1
RIGR,AVDL,1
RIGR,RIAR,1
RIGR,AVER,1
RIGR,RMHL,1
RMGL,ASHL,1
RMGL,ADLL,1
RMGL,URXL,1
RMGL,CEPDL,1
RMGL,AIML,1
RMGL,ADAL,1
RMGL,RIFL,1
RMGL,AVFR,1
RMGL,PVPL,1
RMGL,AIBR,1
RMGL,SAADL,1
RMGL,AVEL,1
RMGL,RID,1
RMGL,AVBR,1
RMGL,AVAL,1
RMGL,RMDDR,1
RMGL,RMDL,1
RMGL,RMDR,1
RMGL,RMDVL,1
RMGL,RMHL,1
RMGL,RMHR,1
RMGL,SMDDL,1
RMGL,SMDDR,1
RMGL,SMBVL,1
RMGL,SIBDR,1
RMGL,SIBVL,1
RMGL,SIBVR,1
RMGL,SIADL,1
RMGL,SIADR,1
RMGL,SIAVL,1
RMGL,dBWML4,1
RMGL,dBWML5,1
RMGL,vBWML5,1
RMGR,ASHR,1
RMGR,URXR,1
RMGR,ALNR,1
RMGR,ALMR,1
RMGR,ADER,1
RMGR,IL2R,1
RMGR,OLLR,1
RMGR,AIMR,1
RMGR,RIR,1
RMGR,ADAR,1
RMGR,RIGR,1
RMGR,SAADL,1
RMGR,SAAVR,1
RMGR,AVJL,1
RMGR,AVDL,1
RMGR,AVER,1
RMGR,AVBL,1
RMGR,AVBR,1
RMGR,AVAL,1
RMGR,RMDDL,1
RMGR,RMDL,1
RMGR,RMDR,1
RMGR,RMDVR,1
RMGR,SMBVR,1
RMGR,SIBDL,1
RMGR,SIADL,1
RMGR,SIAVR,1
RMGR,dBWMR5,1
RMGR,vBWMR8,1
AIBL,ASHL,1
AIBL,ASHR,1
AIBL,FLPL,1
AIBL,AIZR,1
AIBL,RIFL,1
AIBL,RIBR,1
AIBL,RIGR,1
AIBL,AIBL,1
AIBL,SAADL,1
AIBL,SAADR,1
AIBL,SAAVL,1
AIBL,SAAVR,1
AIBL,RIML,1
AIBL,RIMR,1
AIBL,AVEL,1
AIBL,RMFR,1
AIBL,AVBL,1
AIBL,AVAL,1
AIBL,SMDDR,1
AIBL,SMDVR,1
AIBL,SIBVR,1
AIBL,SIADR,1
AIBL,SIAVR,1
AIBR,AWCR,1
AIBR,ADLR,1
AIBR,AQR,1
AIBR,DVA,1
AIBR,AIYR,1
AIBR,AIAR,1
AIBR,AUAL,1
AIBR,RIBL,1
AIBR,RIGL,1
AIBR,RICR,1
AIBR,SAADL,1
AIBR,SAADR,1
AIBR,SAAVR,1
AIBR,RIAL,1
AIBR,RIML,1
AIBR,RIMR,1
AIBR,AVEL,1
AIBR,RMFL,1
AIBR,AVBR,1
AIBR,AVAR,1
AIBR,SMDDL,1
AIBR,SMDVL,1
AIBR,SIBDL,1
AIBR,SIBDR,1
AIBR,SIADL,1
AIBR,VB01,1
RICL,ADLR,1
RICL,CEPDL,1
RICL,CEPVL,1
RICL,OLQVL,1
RICL,URBR,1
RICL,ADAL,1
RICL,ADAR,1
RICL,RICR,1
RICL,SAAVL,1
RICL,RIML,1
RICL,RIMR,1
RICL,RMFR,1
RICL,AVAL,1
RICL,AVAR,1
RICL,RIVR,1
RICL,SMDDL,1
RICL,SMDDR,1
RICL,SMDVR,1
RICL,SMBDL,1
RICL,SMBDR,1
RICR,CEPDL,1
RICR,CEPDR,1
RICR,URBR,1
RICR,AIZL,1
RICR,ADAR,1
RICR,RMGL,1
RICR,AIBL,1
RICR,AIBR,1
RICR,RICL,1
RICR,AVKR,1
RICR,RIML,1
RICR,RIMR,1
RICR,RMFL,1
RICR,AVAL,1
RICR,AVAR,1
RICR,RIVL,1
RICR,SMDDL,1
RICR,SMDDR,1
RICR,SMDVL,1
RICR,SMDVR,1
RICR,SMBDR,1
RICR,VB01,1
SAADL,OLLR,1
SAADL,RIGL,1
SAADL,AIBL,1
SAADL,RIML,1
SAADL,RIMR,1
SAADL,RMFR,1
SAADL,AVAL,1
SAADL,RMDVR,1
SAADL,RIVR,1
SAADL,SABD,1
SAADL,SIBVR,1
SAADL,dBWMR3,1
SAADL,dBWMR4,1
SAADL,dBWMR6,1
SAADL,hyp,1
SAADR,PLNR,1
SAADR,OLLL,1
SAADR,RMGL,1
SAADR,AIBL,1
SAADR,AIBR,1
SAADR,RIML,1
SAADR,RIMR,1
SAADR,RMFL,1
SAADR,RMFR,1
SAADR,AVAL,1
SAADR,AVAR,1
SAADR,SABD,1
SAADR,SMDVL,1
SAADR,SMBDR,1
SAADR,SMBVR,1
SAADR,dBWML3,1
SAADR,dBWML4,1
SAADR,dBWML6,1
SAADR,hyp,1
SAAVL,OLLR,1
SAAVL,AIBL,1
SAAVL,RIML,1
SAAVL,RIMR,1
SAAVL,RMFR,1
SAAVL,AVAL,1
SAAVL,SABD,1
SAAVL,SMDDR,1
SAAVL,SMDVL,1
SAAVL,SMBDR,1
SAAVL,vBWMR3,1
SAAVL,vBWMR4,1
SAAVL,vBWMR6,1
SAAVL,vBWML9,1
SAAVL,hyp,1
SAAVR,ASIR,1
SAAVR,ALNR,1
SAAVR,IL1DL,1
SAAVR,AIBR,1
SAAVR,SAAVR,1
SAAVR,RIAR,1
SAAVR,RIML,1
SAAVR,RIMR,1
SAAVR,AVBL,1
SAAVR,AVAR,1
SAAVR,RIPL,1
SAAVR,RMEV,1
SAAVR,SMDDL,1
SAAVR,SMBDL,1
SAAVR,vBWML3,1
SAAVR,vBWML4,1
SAAVR,vBWML6,1
SAAVR,hyp,1
AVKL,AVM,1
AVKL,DVA,1
AVKL,PDEL,1
AVKL,PDER,1
AVKL,SAADL,1
AVKL,SAADR,1
AVKL,RIML,1
AVKL,RIMR,1
AVKL,AVEL,1
AVKL,AVER,1
AVKL,RMFL,1
AVKL,AVBL,1
AVKL,RMDL,1
AVKL,RIVL,1
AVKL,SIBDR,1
AVKL,SIAVR,1
AVKL,VB01,1
AVKL,vBWMR6,1
AVKL,vBWML11,1
AVKL,vBWMR11,1
AVKL,hyp,1
AVKR,PVM,1
AVKR,PVQL,1
AVKR,BDUL,1
AVKR,PVPL,1
AVKR,RIGL,1
AVKR,RMGL,1
AVKR,SAADL,1
AVKR,AVKL,1
AVKR,RIML,1
AVKR,RIMR,1
AVKR,RMFL,1
AVKR,RMDL,1
AVKR,RMDR,1
AVKR,RMHR,1
AVKR,SMDDR,1
AVKR,SMDVR,1
AVKR,SMBDL,1
AVKR,SIADL,1
AVKR,vBWML9,1
AVKR,vBWML11,1
AVKR,vBWMR9,1
AVKR,vBWMR22,1
AVKR,hyp,1
DVC,PVDR,1
DVC,RIBL,1
DVC,RIBR,1
DVC,RIGL,1
DVC,RIGR,1
DVC,AIBL,1
DVC,AIBR,1
DVC,AVKL,1
DVC,PVT,1
DVC,RMFL,1
DVC,RMFR,1
DVC,AVBL,1
DVC,AVAL,1
DVC,AVAR,1
DVC,URAVL,1
DVC,RIVR,1
DVC,VD09,1
DVC,vBWMR20,1
DVC,CEPshVR,1
AVJL,ASHR,1
AVJL,AINL,1
AVJL,RIS,1
AVJL,RIFR,1
AVJL,AVHL,1
AVJL,PVNR,1
AVJL,AVJR,1
AVJL,AVDL,1
AVJL,AVEL,1
AVJL,AVBL,1
AVJL,AVBR,1
AVJL,AVAR,1
AVJL,PVCL,1
AVJL,PVCR,1
AVJL,SABD,1
AVJR,ALML,1
AVJR,AVM,1
AVJR,FLPR,1
AVJR,PVQR,1
AVJR,AVFR,1
AVJR,AVJL,1
AVJR,AVDL,1
AVJR,AVDR,1
AVJR,AVER,1
AVJR,RID,1
AVJR,AVBL,1
AVJR,AVBR,1
AVJR,AVAL,1
AVJR,AVAR,1
AVJR,PVCL,1
AVJR,PVCR,1
AVJR,SABVL,1
PVT,RIH,1
PVT,RIS,1
PVT,RIGL,1
PVT,RIGR,1
PVT,AIBL,1
PVT,AIBR,1
PVT,AVKL,1
PVT,AVKR,1
PVT,DVC,1
PVT,AVL,1
PVT,RMFL,1
PVT,RMFR,1
PVT,RMEV,1
AVDL,LUAL,1
AVDL,DVC,1
AVDL,AVJL,1
AVDL,AVDR,1
AVDL,AVEL,1
AVDL,AVAL,1
AVDL,AVAR,1
AVDL,PVCL,1
AVDL,SABD,1
AVDL,SABVL,1
AVDL,SABVR,1
AVDL,DA01,1
AVDL,DA02,1
AVDL,DA03,1
AVDL,DA04,1
AVDL,DA05,1
AVDL,DA08,1
AVDL,AS04,1
AVDL,AS10,1
AVDL,AS11,1
AVDL,VA01,1
AVDL,VA03,1
AVDL,VA05,1
AVDL,VA10,1
AVDL,VA12,1
AVDR,PQR,1
AVDR,ALA,1
AVDR,LUAL,1
AVDR,DVC,1
AVDR,AVJR,1
AVDR,AVDL,1
AVDR,AVER,1
AVDR,AVBL,1
AVDR,AVAL,1
AVDR,AVAR,1
AVDR,PVCR,1
AVDR,SABD,1
AVDR,SABVL,1
AVDR,SABVR,1
AVDR,DA01,1
AVDR,DA02,1
AVDR,DA03,1
AVDR,DA04,1
AVDR,DA05,1
AVDR,DA06,1
AVDR,DA08,1
AVDR,DA09,1
AVDR,DB01,1
AVDR,DB04,1
AVDR,AS10,1
AVDR,AS11,1
AVDR,VA02,1
AVDR,VA03,1
AVDR,VA05,1
AVDR,VA11,1
AVDR,hyp,1
AVL,RIS,1
AVL,PVPR,1
AVL,DVB,1
AVL,AVKR,1
AVL,DVC,1
AVL,PVWL,1
AVL,RIMR,1
AVL,AVEL,1
AVL,SABD,1
AVL,SABVL,1
AVL,SABVR,1
AVL,DD01,1
AVL,DD06,1
AVL,VD12,1
AVL,vBWML10,1
AVL,vBWML11,1
AVL,vBWML12,1
AVL,vBWML15,1
AVL,vBWMR8,1
AVL,vBWMR11,1
AVL,hyp,1
AVL,int,1
AVL,HSNR,1
AVL,VC01,1
AVL,VC02,1
AVL,VC06,1
PVWL,AVJL,1
PVWL,PVT,1
PVWL,PVWR,1
PVWL,PVCL,1
PVWL,PVCR,1
PVWL,VD12,1
PVWR,LUAR,1
PVWR,PVT,1
PVWR,AVDR,1
PVWR,AVL,1
PVWR,AVAR,1
PVWR,PVCR,1
PVWR,VA12,1
RIAL,BAGR,1
RIAL,URXL,1
RIAL,AQR,1
RIAL,CEPDL,1
RIAL,RIR,1
RIAL,AIZL,1
RIAL,RIBL,1
RIAL,SAADL,1
RIAL,RIAR,1
RIAL,RIML,1
RIAL,RIMR,1
RIAL,AVAL,1
RIAL,RMDDL,1
RIAL,RMDDR,1
RIAL,RMDL,1
RIAL,RMDR,1
RIAL,RMDVL,1
RIAL,RMDVR,1
RIAL,RIVL,1
RIAL,RIVR,1
RIAL,SMDDL,1
RIAL,SMDDR,1
RIAL,SMDVL,1
RIAL,SMDVR,1
RIAL,SMBDR,1
RIAL,SIADL,1
RIAL,SIAVR,1
RIAR,ADFR,1
RIAR,CEPVL,1
RIAR,CEPVR,1
RIAR,IL1R,1
RIAR,AUAR,1
RIAR,RIBR,1
RIAR,SAADR,1
RIAR,RIAL,1
RIAR,RIAR,1
RIAR,AVAR,1
RIAR,RMDDL,1
RIAR,RMDDR,1
RIAR,RMDL,1
RIAR,RMDR,1
RIAR,RMDVL,1
RIAR,RMDVR,1
RIAR,RIVL,1
RIAR,RIVR,1
RIAR,SMDDL,1
RIAR,SMDDR,1
RIAR,SMDVL,1
RIAR,SMDVR,1
RIAR,SMBDR,1
RIAR,SMBVR,1
RIAR,SIADR,1
RIAR,SIAVL,1
RIAR,vBWML6,1
RIML,RIBL,1
RIML,AIBL,1
RIML,AIBR,1
RIML,RICR,1
RIML,SAADL,1
RIML,SAADR,1
RIML,SAAVL,1
RIML,SAAVR,1
RIML,AVKR,1
RIML,RIAL,1
RIML,RIML,1
RIML,RIMR,1
RIML,AVER,1
RIML,RMFL,1
RIML,RMFR,1
RIML,AVBL,1
RIML,AVBR,1
RIML,AVAL,1
RIML,AVAR,1
RIML,RMDL,1
RIML,RMDR,1
RIML,SMDDL,1
RIML,SMDDR,1
RIML,SMDVL,1
RIML,VB01,1
RIML,dBWMR5,1
RIML,vBWMR4,1
RIMR,RIS,1
RIMR,ADAR,1
RIMR,RIBR,1
RIMR,AIBL,1
RIMR,SAAVL,1
RIMR,SAAVR,1
RIMR,AVKL,1
RIMR,AVJL,1
RIMR,RIML,1
RIMR,RMFL,1
RIMR,RMFR,1
RIMR,AVBL,1
RIMR,AVBR,1
RIMR,AVAL,1
RIMR,RMDL,1
RIMR,RMDR,1
RIMR,SMDDL,1
RIMR,SMDDR,1
RIMR,SMDVL,1
RIMR,SMDVR,1
RIMR,VB01,1
RIMR,dBWML5,1
RIMR,vBWML4,1
AVEL,ALML,1
AVEL,RMGL,1
AVEL,PVT,1
AVEL,AVDL,1
AVEL,AVAL,1
AVEL,AVAR,1
AVEL,PVCL,1
AVEL,PVCR,1
AVEL,SABD,1
AVEL,SABVL,1
AVEL,SABVR,1
AVEL,DA01,1
AVEL,DA02,1
AVEL,DA03,1
AVEL,DA04,1
AVEL,DB03,1
AVEL,DB04,1
AVEL,AS01,1
AVEL,AS03,1
AVEL,VA01,1
AVEL,VA03,1
AVEL,VA04,1
AVEL,VD02,1
AVEL,VD03,1
AVER,URXR,1
AVER,CEPDL,1
AVER,OLLL,1
AVER,AIZR,1
AVER,RMGR,1
AVER,AVDL,1
AVER,AVDR,1
AVER,RIMR,1
AVER,AVEL,1
AVER,AVAL,1
AVER,AVAR,1
AVER,SABD,1
AVER,SABVL,1
AVER,SABVR,1
AVER,DA01,1
AVER,DA02,1
AVER,DA03,1
AVER,DB03,1
AVER,AS01,1
AVER,AS02,1
AVER,AS03,1
AVER,VA01,1
AVER,VA02,1
AVER,VA03,1
AVER,VA04,1
RMFL,BAGL,1
RMFL,RIS,1
RMFL,RIBR,1
RMFL,SAAVR,1
RMFL,AVKL,1
RMFL,AVKR,1
RMFL,DVC,1
RMFL,PVT,1
RMFL,RIMR,1
RMFL,RMDR,1
RMFL,RMHL,1
RMFL,SMDVL,1
RMFR,RIH,1
RMFR,AVKL,1
RMFR,AVKR,1
RMFR,DVC,1
RMFR,RMDL,1
RMFR,RMDR,1
RID,FLPL,1
RID,RMED,1
RID,DA02,1
RID,DA06,1
RID,DB01,1
RID,AS11,1
RID,DD01,1
RID,DD02,1
RID,DD03,1
RID,VD05,1
RID,VD13,1
RID,dBWML13,1
RID,dBWML14,1
RID,dBWMR10,1
RID,hyp,1
AVBL,SDQL,1
AVBL,DVA,1
AVBL,PVPR,1
AVBL,PVNR,1
AVBL,AVJR,1
AVBL,AVDR,1
AVBL,AVL,1
AVBL,AVEL,1
AVBL,AVER,1
AVBL,AVBR,1
AVBL,AVAL,1
AVBL,AVAR,1
AVBL,PVCR,1
AVBL,DA05,1
AVBL,DA07,1
AVBL,AS04,1
AVBL,AS05,1
AVBL,AS10,1
AVBL,VA02,1
AVBL,VA10,1
AVBL,VA11,1
AVBL,VB02,1
AVBL,hyp,1
AVBL,VC03,1
AVBR,AIBR,1
AVBR,AVJL,1
AVBR,AVDL,1
AVBR,AVER,1
AVBR,AVBL,1
AVBR,AVAL,1
AVBR,AVAR,1
AVBR,DA03,1
AVBR,DA07,1
AVBR,AS01,1
AVBR,AS03,1
AVBR,AS04,1
AVBR,AS05,1
AVBR,AS10,1
AVBR,VA04,1
AVBR,VA07,1
AVBR,VD03,1
AVBR,vBWML16,1
AVBR,vBWMR16,1
AVBR,hyp,1
AVBR,HSNR,1
AVAL,LUAL,1
AVAL,LUAR,1
AVAL,PVNL,1
AVAL,AVDL,1
AVAL,AVDR,1
AVAL,RIAL,1
AVAL,AVEL,1
AVAL,AVER,1
AVAL,AVBL,1
AVAL,AVAR,1
AVAL,PVCL,1
AVAL,PVCR,1
AVAL,SABVL,1
AVAL,DA01,1
AVAL,DA02,1
AVAL,DA03,1
AVAL,DA04,1
AVAL,DA05,1
AVAL,DA06,1
AVAL,DA07,1
AVAL,DA08,1
AVAL,DA09,1
AVAL,DB05,1
AVAL,DB07,1
AVAL,AS02,1
AVAL,AS04,1
AVAL,AS05,1
AVAL,AS07,1
AVAL,AS08,1
AVAL,AS10,1
AVAL,AS11,1
AVAL,VA01,1
AVAL,VA02,1
AVAL,VA03,1
AVAL,VA04,1
AVAL,VA05,1
AVAL,VA06,1
AVAL,VA07,1
AVAL,VA08,1
AVAL,VA09,1
AVAL,VA10,1
AVAL,VA11,1
AVAL,VA12,1
AVAL,hyp,1
AVAR,PDEL,1
AVAR,PDER,1
AVAR,LUAL,1
AVAR,LUAR,1
AVAR,RIGL,1
AVAR,SAAVR,1
AVAR,AVDL,1
AVAR,AVDR,1
AVAR,AVEL,1
AVAR,AVER,1
AVAR,AVBL,1
AVAR,AVBR,1
AVAR,AVAL,1
AVAR,PVCL,1
AVAR,PVCR,1
AVAR,SABVR,1
AVAR,SMDVR,1
AVAR,DA01,1
AVAR,DA02,1
AVAR,DA03,1
AVAR,DA04,1
AVAR,DA05,1
AVAR,DA06,1
AVAR,DA07,1
AVAR,DA08,1
AVAR,DA09,1
AVAR,DB02,1
AVAR,DB03,1
AVAR,DB05,1
AVAR,AS01,1
AVAR,AS02,1
AVAR,AS04,1
AVAR,AS05,1
AVAR,AS06,1
AVAR,AS07,1
AVAR,AS08,1
AVAR,AS09,1
AVAR,AS11,1
AVAR,VA02,1
AVAR,VA03,1
AVAR,VA04,1
AVAR,VA05,1
AVAR,VA06,1
AVAR,VA07,1
AVAR,VA08,1
AVAR,VA09,1
AVAR,VA10,1
AVAR,VA11,1
AVAR,hyp,1
PVCL,ASHR,1
PVCL,ADLR,1
PVCL,DVA,1
PVCL,PDEL,1
PVCL,RIS,1
PVCL,AVG,1
PVCL,AVJL,1
PVCL,AVJR,1
PVCL,AVDL,1
PVCL,AVDR,1
PVCL,AVEL,1
PVCL,AVER,1
PVCL,RID,1
PVCL,AVBL,1
PVCL,AVBR,1
PVCL,AVAL,1
PVCL,AVAR,1
PVCL,PVCL,1
PVCL,PVCR,1
PVCL,SMBVR,1
PVCL,SIBDL,1
PVCL,SIBVL,1
PVCL,DA05,1
PVCL,DA08,1
PVCL,DB02,1
PVCL,DB03,1
PVCL,DB04,1
PVCL,DB05,1
PVCL,DB07,1
PVCL,AS01,1
PVCL,AS02,1
PVCL,VB04,1
PVCL,VB06,1
PVCL,VB07,1
PVCL,VB08,1
PVCL,VB11,1
PVCR,AQR,1
PVCR,FLPL,1
PVCR,DVA,1
PVCR,PVDL,1
PVCR,PVDR,1
PVCR,PDEL,1
PVCR,PVR,1
PVCR,AVHL,1
PVCR,PVPR,1
PVCR,LUAR,1
PVCR,AVDL,1
PVCR,AVDR,1
PVCR,AVL,1
PVCR,PVWR,1
PVCR,AVEL,1
PVCR,AVER,1
PVCR,RID,1
PVCR,AVBL,1
PVCR,AVBR,1
PVCR,AVAL,1
PVCR,AVAR,1
PVCR,PVCL,1
PVCR,SIBVR,1
PVCR,DA02,1
PVCR,DA04,1
PVCR,DA05,1
PVCR,DA07,1
PVCR,DB02,1
PVCR,DB03,1
PVCR,DB04,1
PVCR,DB05,1
PVCR,DB07,1
PVCR,VB03,1
PVCR,VB04,1
PVCR,VB06,1
PVCR,VB07,1
PVCR,VB08,1
PVCR,VB11,1
RIPL,pm3VL,1
RIPL,mc2DL,1
RIPL,ADFL,1
RIPL,BAGL,1
RIPL,OLLL,1
RIPL,OLQDR,1
RIPL,OLQVL,1
RIPL,RIH,1
RIPL,RIPL,1
RIPL,hyp,1
RIPR,pm3VR,1
RIPR,mc2DR,1
RIPR,ADFR,1
RIPR,BAGR,1
RIPR,OLQDR,1
RIPR,OLQVR,1
RIPR,IL1R,1
RIPR,RIH,1
RIPR,URBR,1
RIPR,AVBR,1
RIPR,URAVR,1
RIPR,hyp,1
URADL,IL1DL,1
URADL,RIH,1
URADL,RIPL,1
URADL,RMEL,1
URADL,dBWML1,1
URADL,dBWML2,1
URADL,dBWML6,1
URADR,URYDR,1
URADR,IL1DR,1
URADR,RIPR,1
URADR,RMER,1
URADR,dBWMR1,1
URADR,dBWMR2,1
URADR,dBWMR3,1
URADR,dBWMR4,1
URADR,dBWMR5,1
URADR,CEPshDR,1
URAVL,CEPVL,1
URAVL,IL1L,1
URAVL,IL1VL,1
URAVL,RIBL,1
URAVL,DVC,1
URAVL,AVER,1
URAVL,RIPL,1
URAVL,RMEL,1
URAVL,RMER,1
URAVL,RMEV,1
URAVL,RMDDL,1
URAVL,RMDVR,1
URAVL,vBWML1,1
URAVL,vBWML2,1
URAVL,vBWML3,1
URAVR,IL2VR,1
URAVR,URYVR,1
URAVR,IL1R,1
URAVR,IL1VR,1
URAVR,RIH,1
URAVR,ADAR,1
URAVR,PVT,1
URAVR,RIPR,1
URAVR,RMEL,1
URAVR,RMER,1
URAVR,RMEV,1
URAVR,RMDDR,1
URAVR,RMDVL,1
URAVR,vBWMR2,1
URAVR,vBWMR3,1
URAVR,vBWMR4,1
URAVR,vBWMR6,1
RMEL,OLLR,1
RMEL,IL1R,1
RMEL,RIPR,1
RMEL,RMEV,1
RMEL,dBWMR3,1
RMEL,dBWMR5,1
RMEL,vBWMR4,1
RMEL,GLRR,1
RMER,IL1L,1
RMER,RMER,1
RMER,RMHR,1
RMER,dBWML3,1
RMER,dBWML4,1
RMER,vBWML1,1
RMER,vBWML4,1
RMED,RIBL,1
RMED,RIBR,1
RMED,RMED,1
RMED,SMDDL,1
RMED,SMDDR,1
RMED,vBWML2,1
RMED,vBWML3,1
RMED,vBWMR2,1
RMED,vBWMR3,1
RMED,vBWMR6,1
RMEV,RIH,1
RMEV,RIS,1
RMEV,RIBR,1
RMEV,RMED,1
RMEV,RMDDL,1
RMEV,RMDDR,1
RMEV,SMDDR,1
RMEV,SMDVL,1
RMEV,dBWML1,1
RMEV,dBWML2,1
RMEV,dBWMR1,1
RMEV,dBWMR2,1
RMEV,dBWMR6,1
RMEV,dBWMR7,1
RMDDL,CEPVL,1
RMDDL,IL1DR,1
RMDDL,IL1R,1
RMDDL,RIAL,1
RMDDL,AVER,1
RMDDL,RMEV,1
RMDDL,RMDVL,1
RMDDL,RMDVR,1
RMDDL,RMHL,1
RMDDL,dBWMR1,1
RMDDL,dBWMR2,1
RMDDL,dBWMR3,1
RMDDL,dBWMR4,1
RMDDL,dBWMR5,1
RMDDL,dBWMR6,1
RMDDL,vBWML1,1
RMDDR,RMDDL,1
RMDDR,RMDVL,1
RMDDR,RMDVR,1
RMDDR,dBWML1,1
RMDDR,dBWML2,1
RMDDR,dBWML3,1
RMDDR,dBWML4,1
RMDDR,dBWML6,1
RMDDR,dBWMR1,1
RMDDR,dBWMR2,1
RMDDR,dBWMR6,1
RMDDR,dBWMR7,1
RMDDR,vBWML1,1
RMDL,URXR,1
RMDL,ADER,1
RMDL,OLLR,1
RMDL,IL1L,1
RMDL,IL1R,1
RMDL,RIS,1
RMDL,RIBR,1
RMDL,AVKR,1
RMDL,RIAL,1
RMDL,RIAR,1
RMDL,RIML,1
RMDL,RMFR,1
RMDL,RMDDR,1
RMDL,RMDR,1
RMDL,RMDVL,1
RMDL,RMDVR,1
RMDL,RIVL,1
RMDL,RMHL,1
RMDL,SMDDR,1
RMDL,SMBVR,1
RMDL,SIBVR,1
RMDL,dBWML3,1
RMDL,dBWML5,1
RMDL,dBWMR3,1
RMDL,dBWMR4,1
RMDL,vBWML1,1
RMDL,vBWMR4,1
RMDL,vBWMR8,1
RMDR,OLLR,1
RMDR,IL1L,1
RMDR,RIS,1
RMDR,RMGL,1
RMDR,AVKR,1
RMDR,RIAL,1
RMDR,RIAR,1
RMDR,RIMR,1
RMDR,RMDDL,1
RMDR,RMDL,1
RMDR,RMDVL,1
RMDR,SMDDR,1
RMDR,SIAVL,1
RMDR,dBWML5,1
RMDR,vBWML4,1
RMDR,vBWML5,1
RMDVL,IL2VR,1
RMDVL,CEPDL,1
RMDVL,URYVR,1
RMDVL,OLQVR,1
RMDVL,IL1R,1
RMDVL,AVER,1
RMDVL,RMDDR,1
RMDVL,RMDR,1
RMDVL,RMDVR,1
RMDVL,SIBDR,1
RMDVL,SIAVR,1
RMDVL,vBWMR2,1
RMDVL,vBWMR3,1
RMDVL,vBWMR4,1
RMDVL,vBWMR6,1
RMDVL,vBWMR7,1
RMDVR,CEPDR,1
RMDVR,OLQVL,1
RMDVR,IL1DR,1
RMDVR,IL1L,1
RMDVR,RIAR,1
RMDVR,AVAR,1
RMDVR,URAVL,1
RMDVR,RMDDL,1
RMDVR,RMDVR,1
RMDVR,SMBDR,1
RMDVR,SIBVR,1
RMDVR,SIAVL,1
RMDVR,dBWML3,1
RMDVR,vBWML1,1
RMDVR,vBWML2,1
RMDVR,vBWML3,1
RMDVR,vBWML4,1
RMDVR,vBWML5,1
RMDVR,vBWML6,1
RMDVR,vBWML7,1
RMDVR,vBWMR3,1
RMDVR,vBWMR6,1
RMDVR,vBWMR7,1
RMDVR,GLRVL,1
RIVL,SAADR,1
RIVL,RIAL,1
RIVL,RIAR,1
RIVL,RMDL,1
RIVL,RMDVL,1
RIVL,RIVR,1
RIVL,SMDDR,1
RIVL,SMDVL,1
RIVL,SIAVR,1
RIVL,vBWMR5,1
RIVL,vBWMR6,1
RIVL,vBWMR7,1
RIVR,SAADL,1
RIVR,RIAL,1
RIVR,RIAR,1
RIVR,RMDDL,1
RIVR,RMDR,1
RIVR,RMDVR,1
RIVR,RIVL,1
RIVR,RMHR,1
RIVR,SMDDL,1
RIVR,SMDVR,1
RIVR,SMBVL,1
RIVR,SIAVL,1
RIVR,dBWMR7,1
RIVR,vBWML3,1
RIVR,vBWML4,1
RIVR,vBWML7,1
RIVR,vBWMR6,1
RIVR,vBWMR7,1
RIVR,GLRVL,1
RIVR,GLRVR,1
RMHL,URXR,1
RMHL,IL1R,1
RMHL,RICL,1
RMHL,RICR,1
RMHL,SAAVL,1
RMHL,RID,1
RMHL,AVAR,1
RMHL,RMDDL,1
RMHL,RMDR,1
RMHL,dBWMR3,1
RMHL,dBWMR4,1
RMHL,dBWMR5,1
RMHR,CEPVL,1
RMHR,RMGL,1
RMHR,AIBR,1
RMHR,RMER,1
RMHR,RMDL,1
RMHR,RMDR,1
RMHR,RMHL,1
RMHR,SMDDL,1
RMHR,dBWML3,1
RMHR,dBWML4,1
RMHR,dBWML5,1
RMHR,vBWML1,1
SABD,SAADL,1
SABD,SAADR,1
SABD,dBWML1,1
SABD,dBWML3,1
SABD,dBWML4,1
SABD,dBWML6,1
SABD,dBWMR1,1
SABD,dBWMR3,1
SABD,dBWMR4,1
SABD,dBWMR6,1
SABD,hyp,1
SABVL,RIGR,1
SABVL,vBWML1,1
SABVL,vBWML3,1
SABVL,vBWML4,1
SABVL,vBWML6,1
SABVL,hyp,1
SABVR,vBWMR1,1
SABVR,vBWMR3,1
SABVR,vBWMR4,1
SABVR,vBWMR6,1
SABVR,hyp,1
SMDDL,URYDL,1
SMDDL,RIS,1
SMDDL,SAAVR,1
SMDDL,RIAL,1
SMDDL,RIAR,1
SMDDL,RIML,1
SMDDL,RIMR,1
SMDDL,AVEL,1
SMDDL,AVER,1
SMDDL,RMDL,1
SMDDL,RMDR,1
SMDDL,RIVR,1
SMDDL,SMDDR,1
SMDDL,SMDVL,1
SMDDL,SMDVR,1
SMDDL,SMBDL,1
SMDDL,SIBDL,1
SMDDL,SIADL,1
SMDDL,dBWML1,1
SMDDL,dBWML2,1
SMDDL,dBWML6,1
SMDDL,dBWML7,1
SMDDL,dBWMR1,1
SMDDL,dBWMR4,1
SMDDL,dBWMR5,1
SMDDL,dBWMR6,1
SMDDL,dBWMR7,1
SMDDL,vBWML2,1
SMDDL,vBWML3,1
SMDDL,dBWMR8,1
SMDDL,dBWMR9,1
SMDDL,dBWMR10,1
SMDDL,dBWMR11,1
SMDDL,dBWMR12,1
SMDDL,dBWMR13,1
SMDDL,dBWMR14,1
SMDDL,dBWMR15,1
SMDDL,dBWMR16,1
SMDDR,ASJL,1
SMDDR,ASGL,1
SMDDR,ALNL,1
SMDDR,ALNR,1
SMDDR,AIZR,1
SMDDR,RIS,1
SMDDR,RIBL,1
SMDDR,RIAL,1
SMDDR,RIAR,1
SMDDR,RIMR,1
SMDDR,AVER,1
SMDDR,RMDR,1
SMDDR,RIVL,1
SMDDR,SMDDL,1
SMDDR,SMDVL,1
SMDDR,SMBDR,1
SMDDR,SIBDR,1
SMDDR,SIADR,1
SMDDR,dBWML2,1
SMDDR,dBWML5,1
SMDDR,dBWML6,1
SMDDR,dBWML7,1
SMDDR,vBWML2,1
SMDDR,vBWMR2,1
SMDDR,vBWMR6,1
SMDDR,dBWML8,1
SMDDR,dBWML9,1
SMDDR,dBWML10,1
SMDDR,dBWML11,1
SMDDR,dBWML12,1
SMDDR,dBWML13,1
SMDDR,dBWML14,1
SMDDR,dBWML15,1
SMDDR,dBWML16,1
SMDDR,hyp,1
SMDVL,ALNL,1
SMDVL,ALNR,1
SMDVL,PLNL,1
SMDVL,IL2L,1
SMDVL,CEPVR,1
SMDVL,PVR,1
SMDVL,RIBR,1
SMDVL,RIAL,1
SMDVL,RIAR,1
SMDVL,RMDDR,1
SMDVL,RIVL,1
SMDVL,SMDDR,1
SMDVL,SMDVR,1
SMDVL,SIBVL,1
SMDVL,SIADR,1
SMDVL,SIAVR,1
SMDVL,dBWML1,1
SMDVL,dBWML2,1
SMDVL,vBWMR2,1
SMDVL,vBWMR3,1
SMDVL,vBWMR5,1
SMDVL,vBWMR6,1
SMDVL,vBWMR7,1
SMDVL,vBWMR8,1
SMDVL,vBWMR9,1
SMDVL,vBWMR10,1
SMDVL,vBWMR11,1
SMDVL,vBWMR12,1
SMDVL,vBWMR13,1
SMDVL,vBWMR14,1
SMDVL,vBWMR15,1
SMDVL,vBWMR16,1
SMDVR,PLNL,1
SMDVR,CEPVL,1
SMDVR,AIBR,1
SMDVR,RIAL,1
SMDVR,RIAR,1
SMDVR,RIML,1
SMDVR,AVER,1
SMDVR,AVAR,1
SMDVR,RMED,1
SMDVR,RMDDL,1
SMDVR,RIVR,1
SMDVR,SMDDL,1
SMDVR,SMDVL,1
SMDVR,SIBVR,1
SMDVR,SIAVL,1
SMDVR,VB01,1
SMDVR,vBWML2,1
SMDVR,vBWML3,1
SMDVR,vBWML4,1
SMDVR,vBWML5,1
SMDVR,vBWML6,1
SMDVR,vBWML7,1
SMDVR,vBWML8,1
SMDVR,vBWML9,1
SMDVR,vBWML10,1
SMDVR,vBWML11,1
SMDVR,vBWML12,1
SMDVR,vBWML13,1
SMDVR,vBWML14,1
SMDVR,vBWML15,1
SMDVR,vBWML16,1
SMBDL,ALNR,1
SMBDL,SDQR,1
SMBDL,RIH,1
SMBDL,AIZL,1
SMBDL,SAAVR,1
SMBDL,RMED,1
SMBDL,SMDDL,1
SMBDL,SMBVL,1
SMBDL,SIADL,1
SMBDL,SIAVL,1
SMBDL,dBWMR1,1
SMBDL,dBWMR2,1
SMBDL,dBWMR3,1
SMBDL,dBWMR4,1
SMBDL,dBWMR5,1
SMBDL,dBWMR6,1
SMBDL,dBWMR7,1
SMBDL,dBWMR8,1
SMBDL,dBWMR9,1
SMBDL,dBWMR10,1
SMBDL,dBWMR11,1
SMBDL,dBWMR12,1
SMBDL,dBWMR13,1
SMBDL,dBWMR14,1
SMBDL,dBWMR15,1
SMBDL,dBWMR16,1
SMBDR,ALNL,1
SMBDR,SDQL,1
SMBDR,SAAVL,1
SMBDR,AVAL,1
SMBDR,RMED,1
SMBDR,RIVL,1
SMBDR,SMDDR,1
SMBDR,SMBDL,1
SMBDR,SIADR,1
SMBDR,SIAVR,1
SMBDR,dBWML1,1
SMBDR,dBWML2,1
SMBDR,dBWML4,1
SMBDR,dBWML5,1
SMBDR,dBWML6,1
SMBDR,dBWML7,1
SMBDR,dBWMR1,1
SMBDR,dBWMR2,1
SMBDR,dBWMR7,1
SMBDR,dBWML8,1
SMBDR,dBWML9,1
SMBDR,dBWML10,1
SMBDR,dBWML11,1
SMBDR,dBWML12,1
SMBDR,dBWML13,1
SMBDR,dBWML14,1
SMBDR,dBWML15,1
SMBDR,dBWML16,1
SMBVL,PLNL,1
SMBVL,AIML,1
SMBVL,AVFL,1
SMBVL,AVHR,1
SMBVL,PVPL,1
SMBVL,SAADL,1
SMBVL,AVJR,1
SMBVL,AVBR,1
SMBVL,RMEV,1
SMBVL,RMDVR,1
SMBVL,SMBDL,1
SMBVL,SIAVL,1
SMBVL,vBWML1,1
SMBVL,vBWML2,1
SMBVL,vBWML3,1
SMBVL,vBWML4,1
SMBVL,vBWML5,1
SMBVL,vBWML6,1
SMBVL,vBWML7,1
SMBVL,vBWML8,1
SMBVL,vBWML9,1
SMBVL,vBWML10,1
SMBVL,vBWML11,1
SMBVL,vBWML12,1
SMBVL,vBWML13,1
SMBVL,vBWML14,1
SMBVL,vBWML15,1
SMBVL,vBWML16,1
SMBVL,exc_gl,1
SMBVL,hyp,1
SMBVR,ADLR,1
SMBVR,PLNR,1
SMBVR,CEPVR,1
SMBVR,PVR,1
SMBVR,AVHL,1
SMBVR,RMGR,1
SMBVR,SAADR,1
SMBVR,RIAR,1
SMBVR,RMEV,1
SMBVR,RMDL,1
SMBVR,RMDR,1
SMBVR,SMBDR,1
SMBVR,SIAVR,1
SMBVR,dBWMR4,1
SMBVR,vBWMR1,1
SMBVR,vBWMR2,1
SMBVR,vBWMR3,1
SMBVR,vBWMR4,1
SMBVR,vBWMR5,1
SMBVR,vBWMR6,1
SMBVR,vBWMR7,1
SMBVR,vBWMR8,1
SMBVR,vBWMR9,1
SMBVR,vBWMR10,1
SMBVR,vBWMR11,1
SMBVR,vBWMR12,1
SMBVR,vBWMR13,1
SMBVR,vBWMR14,1
SMBVR,vBWMR15,1
SMBVR,vBWMR16,1
SIBDL,SIADL,1
SIBDL,dBWMR5,1
SIBDL,dBWMR6,1
SIBDL,dBWMR7,1
SIBDL,dBWMR8,1
SIBDL,dBWMR9,1
SIBDL,dBWMR10,1
SIBDL,dBWMR11,1
SIBDL,dBWMR12,1
SIBDL,dBWMR13,1
SIBDL,dBWMR14,1
SIBDL,dBWMR15,1
SIBDL,dBWMR16,1
SIBDR,SMDDR,1
SIBDR,SIADR,1
SIBDR,dBWML5,1
SIBDR,dBWML6,1
SIBDR,dBWML7,1
SIBDR,dBWMR4,1
SIBDR,dBWML8,1
SIBDR,dBWML9,1
SIBDR,dBWML10,1
SIBDR,dBWML11,1
SIBDR,dBWML12,1
SIBDR,dBWML13,1
SIBDR,dBWML14,1
SIBDR,dBWML15,1
SIBDR,dBWML16,1
SIBVL,ALNR,1
SIBVL,PVPL,1
SIBVL,SMBDR,1
SIBVL,SIAVR,1
SIBVL,vBWML2,1
SIBVL,vBWMR5,1
SIBVL,vBWMR6,1
SIBVL,vBWMR7,1
SIBVL,vBWMR8,1
SIBVL,vBWMR9,1
SIBVL,vBWMR10,1
SIBVL,vBWMR11,1
SIBVL,vBWMR12,1
SIBVL,vBWMR13,1
SIBVL,vBWMR14,1
SIBVL,vBWMR15,1
SIBVL,vBWMR16,1
SIBVR,AVDR,1
SIBVR,RID,1
SIBVR,SIAVL,1
SIBVR,dBWMR4,1
SIBVR,vBWML5,1
SIBVR,vBWML6,1
SIBVR,vBWML7,1
SIBVR,vBWML8,1
SIBVR,vBWML9,1
SIBVR,vBWML10,1
SIBVR,vBWML11,1
SIBVR,vBWML12,1
SIBVR,vBWML13,1
SIBVR,vBWML14,1
SIBVR,vBWML15,1
SIBVR,vBWML16,1
SIADL,ALNR,1
SIADL,SDQR,1
SIADL,AVFR,1
SIADL,RMDL,1
SIADL,SMDDL,1
SIADL,SMBDL,1
SIADL,SIBDL,1
SIADL,dBWMR5,1
SIADL,dBWMR6,1
SIADL,dBWMR7,1
SIADL,dBWMR8,1
SIADL,dBWMR9,1
SIADL,dBWMR10,1
SIADL,dBWMR11,1
SIADL,dBWMR12,1
SIADL,dBWMR13,1
SIADL,dBWMR14,1
SIADL,dBWMR15,1
SIADL,dBWMR16,1
SIADR,SDQL,1
SIADR,ALML,1
SIADR,CEPDL,1
SIADR,IL1VR,1
SIADR,AVAL,1
SIADR,SMDDR,1
SIADR,SMBDR,1
SIADR,SIBDR,1
SIADR,dBWML5,1
SIADR,dBWML6,1
SIADR,dBWML7,1
SIADR,dBWML8,1
SIADR,dBWML9,1
SIADR,dBWML10,1
SIADR,dBWML11,1
SIADR,dBWML12,1
SIADR,dBWML13,1
SIADR,dBWML14,1
SIADR,dBWML15,1
SIADR,dBWML16,1
SIAVL,PLNL,1
SIAVL,ADEL,1
SIAVL,IL2L,1
SIAVL,SMDVR,1
SIAVL,SMBVL,1
SIAVL,SIBVR,1
SIAVL,vBWML5,1
SIAVL,vBWML6,1
SIAVL,vBWML7,1
SIAVL,vBWML8,1
SIAVL,vBWML9,1
SIAVL,vBWML10,1
SIAVL,vBWML11,1
SIAVL,vBWML12,1
SIAVL,vBWML13,1
SIAVL,vBWML14,1
SIAVL,vBWML15,1
SIAVL,vBWML16,1
SIAVR,PLNR,1
SIAVR,RMDL,1
SIAVR,SIBVL,1
SIAVR,vBWMR5,1
SIAVR,vBWMR6,1
SIAVR,vBWMR7,1
SIAVR,vBWMR8,1
SIAVR,vBWMR9,1
SIAVR,vBWMR10,1
SIAVR,vBWMR11,1
SIAVR,vBWMR12,1
SIAVR,vBWMR13,1
SIAVR,vBWMR14,1
SIAVR,vBWMR15,1
SIAVR,vBWMR16,1
DA01,FLPR,1
DA01,DB01,1
DA01,AS01,1
DA01,DD01,1
DA01,VD01,1
DA01,VD02,1
DA01,dBWML6,1
DA01,dBWML7,1
DA01,dBWMR6,1
DA01,dBWMR7,1
DA01,dBWML8,1
DA02,DA03,1
DA02,DB01,1
DA02,AS02,1
DA02,DD01,1
DA02,VD02,1
DA02,VD03,1
DA02,dBWML7,1
DA02,dBWMR7,1
DA02,dBWML8,1
DA02,dBWML9,1
DA02,dBWML10,1
DA02,dBWMR8,1
DA02,dBWMR9,1
DA03,DA04,1
DA03,DB03,1
DA03,AS04,1
DA03,DD02,1
DA03,VD03,1
DA03,VD04,1
DA03,dBWML9,1
DA03,dBWML10,1
DA03,dBWML11,1
DA03,dBWMR9,1
DA03,dBWMR10,1
DA03,dBWMR11,1
DA03,dBWMR12,1
DA04,DB02,1
DA04,DD02,1
DA04,VD04,1
DA04,VD05,1
DA04,dBWML11,1
DA04,dBWML12,1
DA04,dBWML13,1
DA04,dBWMR11,1
DA04,dBWMR12,1
DA04,dBWMR13,1
DA05,DA04,1
DA05,DB04,1
DA05,DD03,1
DA05,VD05,1
DA05,VD06,1
DA05,dBWML12,1
DA05,dBWML13,1
DA05,dBWML14,1
DA05,dBWMR12,1
DA05,dBWMR13,1
DA05,dBWMR14,1
DA06,DA05,1
DA06,DB05,1
DA06,DD03,1
DA06,VD04,1
DA06,VD05,1
DA06,VD06,1
DA06,VD07,1
DA06,dBWML11,1
DA06,dBWML12,1
DA06,dBWML13,1
DA06,dBWML14,1
DA06,dBWML15,1
DA06,dBWML16,1
DA06,dBWMR10,1
DA06,dBWMR11,1
DA06,dBWMR12,1
DA06,dBWMR13,1
DA06,dBWMR14,1
DA06,dBWMR15,1
DA06,dBWMR16,1
DA07,DA06,1
DA07,DB06,1
DA07,DD04,1
DA07,VD07,1
DA07,VD08,1
DA07,VD09,1
DA07,dBWML14,1
DA07,dBWML15,1
DA07,dBWML16,1
DA07,dBWML17,1
DA07,dBWML18,1
DA07,dBWML19,1
DA07,dBWMR14,1
DA07,dBWMR15,1
DA07,dBWMR16,1
DA07,dBWMR17,1
DA07,dBWMR18,1
DA07,dBWMR19,1
DA08,DA07,1
DA08,DB07,1
DA08,DD04,1
DA08,DD05,1
DA08,VD08,1
DA08,VD09,1
DA08,VD10,1
DA08,VD11,1
DA08,VD12,1
DA08,VD13,1
DA08,dBWML16,1
DA08,dBWML17,1
DA08,dBWML18,1
DA08,dBWML19,1
DA08,dBWML20,1
DA08,dBWML21,1
DA08,dBWMR16,1
DA08,dBWMR17,1
DA08,dBWMR18,1
DA08,dBWMR19,1
DA08,dBWMR20,1
DA08,dBWMR21,1
DA09,DVA,1
DA09,DA08,1
DA09,DB07,1
DA09,AS11,1
DA09,DD06,1
DA09,VA11,1
DA09,VA12,1
DA09,VD09,1
DA09,VD10,1
DA09,VD11,1
DA09,VD12,1
DA09,VD13,1
DA09,dBWML19,1
DA09,dBWML20,1
DA09,dBWML21,1
DA09,dBWML22,1
DA09,dBWML23,1
DA09,dBWML24,1
DA09,dBWMR19,1
DA09,dBWMR20,1
DA09,dBWMR21,1
DA09,dBWMR22,1
DA09,dBWMR23,1
DA09,dBWMR24,1
DA09,hyp,1
PDA,PVNR,1
PDA,DA09,1
PDA,DD06,1
PDA,VD11,1
PDA,VD12,1
PDA,VD13,1
PDA,dBWML21,1
PDA,dBWML22,1
PDA,dBWML23,1
PDA,dBWML24,1
PDA,dBWMR21,1
PDA,dBWMR22,1
PDA,dBWMR23,1
PDA,dBWMR24,1
PDA,hyp,1
DB01,FLPR,1
DB01,RID,1
DB01,DA01,1
DB01,DA02,1
DB01,AS01,1
DB01,AS02,1
DB01,DD01,1
DB01,VD01,1
DB01,VD02,1
DB01,VD03,1
DB01,dBWML6,1
DB01,dBWML8,1
DB01,dBWML9,1
DB01,dBWMR8,1
DB01,dBWMR9,1
DB01,hyp,1
DB02,DA02,1
DB02,DA03,1
DB02,DA04,1
DB02,AS03,1
DB02,AS04,1
DB02,DD01,1
DB02,DD02,1
DB02,VD03,1
DB02,VD04,1
DB02,dBWML9,1
DB02,dBWML10,1
DB02,dBWML11,1
DB02,dBWML12,1
DB02,dBWMR9,1
DB02,dBWMR10,1
DB02,dBWMR11,1
DB03,DA04,1
DB03,DA05,1
DB03,AS04,1
DB03,AS05,1
DB03,DD02,1
DB03,DD03,1
DB03,DD05,1
DB03,VD04,1
DB03,VD05,1
DB03,VD06,1
DB03,dBWML11,1
DB03,dBWML12,1
DB03,dBWML13,1
DB03,dBWML14,1
DB03,dBWMR11,1
DB03,dBWMR12,1
DB03,dBWMR13,1
DB04,DA05,1
DB04,AS06,1
DB04,DD03,1
DB04,DD04,1
DB04,DD05,1
DB04,DD06,1
DB04,VD06,1
DB04,dBWML13,1
DB04,dBWML14,1
DB04,dBWML15,1
DB04,dBWML16,1
DB04,dBWMR13,1
DB04,dBWMR14,1
DB04,dBWMR15,1
DB04,dBWMR16,1
DB05,DA06,1
DB05,DA07,1
DB05,DA08,1
DB05,AS07,1
DB05,AS08,1
DB05,VD04,1
DB05,VD05,1
DB05,VD06,1
DB05,VD07,1
DB05,dBWML14,1
DB05,dBWML15,1
DB05,dBWML16,1
DB05,dBWML17,1
DB05,dBWML18,1
DB05,dBWML19,1
DB05,dBWMR14,1
DB05,dBWMR15,1
DB05,dBWMR16,1
DB05,dBWMR17,1
DB05,dBWMR18,1
DB05,dBWMR19,1
DB06,DA08,1
DB06,DA09,1
DB06,AS08,1
DB06,AS09,1
DB06,VD07,1
DB06,VD08,1
DB06,VD09,1
DB06,dBWML16,1
DB06,dBWML17,1
DB06,dBWML18,1
DB06,dBWML19,1
DB06,dBWML20,1
DB06,dBWML21,1
DB06,dBWMR16,1
DB06,dBWMR17,1
DB06,dBWMR18,1
DB06,dBWMR19,1
DB06,dBWMR20,1
DB06,dBWMR21,1
DB07,DA09,1
DB07,AS10,1
DB07,AS11,1
DB07,DD06,1
DB07,VD08,1
DB07,VD09,1
DB07,VD10,1
DB07,VD11,1
DB07,VD12,1
DB07,VD13,1
DB07,dBWML19,1
DB07,dBWML20,1
DB07,dBWML21,1
DB07,dBWML22,1
DB07,dBWML23,1
DB07,dBWML24,1
DB07,dBWMR19,1
DB07,dBWMR20,1
DB07,dBWMR21,1
DB07,dBWMR22,1
DB07,dBWMR23,1
DB07,dBWMR24,1
AS01,DA01,1
AS01,DB01,1
AS01,AS01,1
AS01,DD01,1
AS01,VD01,1
AS01,dBWML6,1
AS01,dBWML7,1
AS01,dBWMR6,1
AS01,dBWMR7,1
AS02,RID,1
AS02,DB01,1
AS02,DD01,1
AS02,VD02,1
AS02,dBWML7,1
AS02,dBWMR7,1
AS02,dBWML8,1
AS02,dBWML9,1
AS02,dBWMR8,1
AS02,dBWMR9,1
AS03,DA03,1
AS03,DD01,1
AS03,VD03,1
AS03,dBWML9,1
AS03,dBWML10,1
AS03,dBWMR9,1
AS03,dBWMR10,1
AS04,DA03,1
AS04,DB02,1
AS04,DD01,1
AS04,DD02,1
AS04,VD04,1
AS04,dBWML10,1
AS04,dBWML11,1
AS04,dBWML12,1
AS04,dBWMR11,1
AS04,dBWMR12,1
AS05,PVDL,1
AS05,DA04,1
AS05,AS05,1
AS05,DD03,1
AS05,VD05,1
AS05,dBWML11,1
AS05,dBWML12,1
AS05,dBWMR12,1
AS06,DA05,1
AS06,DB04,1
AS06,DD03,1
AS06,VD06,1
AS06,dBWML13,1
AS06,dBWML14,1
AS06,dBWMR13,1
AS06,dBWMR14,1
AS07,VD07,1
AS07,dBWML15,1
AS07,dBWML16,1
AS07,dBWMR15,1
AS07,dBWMR16,1
AS08,VD08,1
AS08,dBWML17,1
AS08,dBWML18,1
AS08,dBWMR17,1
AS08,dBWMR18,1
AS09,VD09,1
AS09,dBWML19,1
AS09,dBWML20,1
AS09,dBWMR19,1
AS09,dBWMR20,1
AS10,VD10,1
AS10,VD11,1
AS10,dBWML20,1
AS10,dBWML21,1
AS10,dBWMR21,1
AS10,dBWMR22,1
AS11,DB07,1
AS11,DD06,1
AS11,VD12,1
AS11,VD13,1
AS11,dBWML21,1
AS11,dBWML22,1
AS11,dBWMR22,1
AS11,dBWMR23,1
PDB,DD06,1
PDB,VD12,1
PDB,VD13,1
PDB,dBWML22,1
PDB,dBWML23,1
PDB,dBWML24,1
PDB,dBWMR23,1
PDB,dBWMR24,1
DD01,DA02,1
DD01,VD02,1
DD01,dBWML6,1
DD01,dBWML7,1
DD01,dBWMR6,1
DD01,dBWMR7,1
DD01,dBWML8,1
DD01,dBWML9,1
DD01,dBWMR8,1
DD01,dBWMR9,1
DD01,dBWMR10,1
DD02,DA03,1
DD02,VD03,1
DD02,VD04,1
DD02,dBWML10,1
DD02,dBWML11,1
DD02,dBWML12,1
DD02,dBWMR10,1
DD02,dBWMR11,1
DD02,dBWMR12,1
DD03,DA05,1
DD03,dBWML12,1
DD03,dBWML13,1
DD03,dBWML14,1
DD03,dBWML15,1
DD03,dBWMR11,1
DD03,dBWMR12,1
DD03,dBWMR13,1
DD03,dBWMR14,1
DD03,dBWMR15,1
DD03,vBWML13,1
DD04,dBWML16,1
DD04,dBWML17,1
DD04,dBWML18,1
DD04,dBWMR13,1
DD04,dBWMR14,1
DD04,dBWMR15,1
DD04,dBWMR16,1
DD04,dBWMR17,1
DD04,dBWMR18,1
DD05,dBWML19,1
DD05,dBWML20,1
DD05,dBWML21,1
DD05,dBWMR19,1
DD05,dBWMR20,1
DD05,dBWMR21,1
DD06,DB07,1
DD06,VD13,1
DD06,dBWML22,1
DD06,dBWML23,1
DD06,dBWML24,1
DD06,dBWMR22,1
DD06,dBWMR23,1
DD06,dBWMR24,1
VA01,DA02,1
VA01,DD01,1
VA01,VD01,1
VA01,vBWML7,1
VA01,vBWMR7,1
VA01,vBWML8,1
VA01,vBWMR8,1
VA02,AVAL,1
VA02,DD01,1
VA02,VA01,1
VA02,VA03,1
VA02,VB01,1
VA02,VB02,1
VA02,VD01,1
VA02,VD02,1
VA02,vBWML7,1
VA02,vBWMR7,1
VA02,vBWML8,1
VA02,vBWML9,1
VA02,vBWMR8,1
VA02,vBWMR9,1
VA03,DD01,1
VA03,DD02,1
VA03,VA04,1
VA03,VB02,1
VA03,VB03,1
VA03,VD02,1
VA03,VD03,1
VA03,vBWML8,1
VA03,vBWML9,1
VA03,vBWML10,1
VA03,vBWML11,1
VA03,vBWMR9,1
VA03,vBWMR10,1
VA03,vBWMR11,1
VA04,AVDL,1
VA04,AVER,1
VA04,AVAR,1
VA04,DD02,1
VA04,VB03,1
VA04,VB04,1
VA04,VD04,1
VA04,vBWML12,1
VA04,vBWML13,1
VA04,vBWMR11,1
VA04,vBWMR12,1
VA04,vBWMR13,1
VA05,DD02,1
VA05,DD03,1
VA05,VA06,1
VA05,VB04,1
VA05,VD05,1
VA05,vBWML12,1
VA05,vBWML13,1
VA05,vBWMR12,1
VA05,vBWMR13,1
VA05,vBWMR14,1
VA06,AVAR,1
VA06,AS01,1
VA06,AS02,1
VA06,DD03,1
VA06,VA05,1
VA06,VB04,1
VA06,VB05,1
VA06,VD05,1
VA06,VD06,1
VA06,vBWML13,1
VA06,vBWML14,1
VA06,vBWML15,1
VA06,vBWMR12,1
VA06,vBWMR13,1
VA06,vBWMR14,1
VA06,vBWMR15,1
VA07,AS01,1
VA07,AS02,1
VA07,AS03,1
VA07,DD03,1
VA07,DD04,1
VA07,VB06,1
VA07,VD06,1
VA07,VD07,1
VA07,vBWML14,1
VA07,vBWML15,1
VA07,vBWML16,1
VA07,vBWMR14,1
VA07,vBWMR15,1
VA07,vBWMR16,1
VA07,vm1AR,1
VA08,AS02,1
VA08,AS03,1
VA08,AS04,1
VA08,AS05,1
VA08,DD04,1
VA08,DD05,1
VA08,VB06,1
VA08,VD07,1
VA08,VD08,1
VA08,VD09,1
VA08,vBWML16,1
VA08,vBWML17,1
VA08,vBWML18,1
VA08,vBWMR14,1
VA08,vBWMR15,1
VA08,vBWMR16,1
VA08,vBWMR17,1
VA08,vBWMR18,1
VA09,AS06,1
VA09,AS07,1
VA09,DD04,1
VA09,DD05,1
VA09,DD06,1
VA09,VB07,1
VA09,VB08,1
VA09,VD09,1
VA09,VD10,1
VA09,VD11,1
VA09,vBWML17,1
VA09,vBWML18,1
VA09,vBWML19,1
VA09,vBWMR17,1
VA09,vBWMR18,1
VA09,vBWMR19,1
VA10,AS06,1
VA10,AS07,1
VA10,AS10,1
VA10,DD05,1
VA10,DD06,1
VA10,VB08,1
VA10,VB09,1
VA10,VD10,1
VA10,VD11,1
VA10,VD12,1
VA10,vBWML18,1
VA10,vBWML19,1
VA10,vBWML20,1
VA10,vBWMR18,1
VA10,vBWMR19,1
VA10,vBWMR20,1
VA10,vBWMR21,1
VA10,hyp,1
VA11,PVNR,1
VA11,AS07,1
VA11,AS08,1
VA11,AS09,1
VA11,DD06,1
VA11,VB10,1
VA11,VD11,1
VA11,VD12,1
VA11,vBWML19,1
VA11,vBWML20,1
VA11,vBWML21,1
VA11,vBWMR20,1
VA11,vBWMR21,1
VA11,vBWMR22,1
VA11,vBWMR23,1
VA12,PHCR,1
VA12,LUAL,1
VA12,AVAL,1
VA12,PVCL,1
VA12,PVCR,1
VA12,DA08,1
VA12,DA09,1
VA12,DB07,1
VA12,AS08,1
VA12,AS09,1
VA12,AS10,1
VA12,AS11,1
VA12,DD06,1
VA12,VA11,1
VA12,VB11,1
VA12,VD12,1
VA12,VD13,1
VA12,vBWML21,1
VA12,vBWML22,1
VA12,vBWML23,1
VA12,vBWMR21,1
VA12,vBWMR22,1
VA12,vBWMR23,1
VA12,vBWMR24,1
VA12,hyp,1
VB01,ADAL,1
VB01,AIBR,1
VB01,SAADL,1
VB01,SAADR,1
VB01,RIML,1
VB01,RMFL,1
VB01,SABD,1
VB01,SMBVL,1
VB01,DD01,1
VB01,VA01,1
VB01,VA02,1
VB01,VA03,1
VB01,VA04,1
VB01,VB02,1
VB01,VD01,1
VB01,VD02,1
VB01,vBWML7,1
VB01,vBWMR7,1
VB01,vBWMR9,1
VB01,hyp,1
VB02,AVEL,1
VB02,DD01,1
VB02,DD02,1
VB02,VA02,1
VB02,VA03,1
VB02,VD02,1
VB02,VD03,1
VB02,vBWML8,1
VB02,vBWML9,1
VB02,vBWML10,1
VB02,vBWML11,1
VB02,vBWMR8,1
VB02,vBWMR10,1
VB02,vBWMR11,1
VB02,VC02,1
VB03,DD02,1
VB03,VA04,1
VB03,VA05,1
VB03,VD03,1
VB03,VD04,1
VB03,vBWML10,1
VB03,vBWML11,1
VB03,vBWML12,1
VB03,vBWML13,1
VB03,vBWMR10,1
VB03,vBWMR11,1
VB03,vBWMR12,1
VB03,vBWMR13,1
VB04,AVG,1
VB04,DD02,1
VB04,DD03,1
VB04,VA04,1
VB04,VA05,1
VB04,VB05,1
VB04,VD04,1
VB04,VD05,1
VB04,vBWML12,1
VB04,vBWML13,1
VB04,vBWMR12,1
VB04,vBWMR13,1
VB04,vBWMR14,1
VB05,DD03,1
VB05,VA06,1
VB05,VD06,1
VB05,vBWML12,1
VB05,vBWML13,1
VB05,vBWML14,1
VB05,vBWML15,1
VB05,vBWMR13,1
VB05,vBWMR14,1
VB05,vBWMR15,1
VB05,vBWMR16,1
VB06,DVA,1
VB06,PVNR,1
VB06,DD04,1
VB06,VA07,1
VB06,VA08,1
VB06,VB07,1
VB06,VD06,1
VB06,VD07,1
VB06,vBWML15,1
VB06,vBWML16,1
VB06,vBWML17,1
VB06,vBWMR14,1
VB06,vBWMR15,1
VB06,vBWMR16,1
VB06,vBWMR17,1
VB06,vm1AR,1
VB07,DD04,1
VB07,DD05,1
VB07,VA09,1
VB07,VA10,1
VB07,VD08,1
VB07,VD09,1
VB07,vBWML16,1
VB07,vBWML17,1
VB07,vBWML18,1
VB07,vBWMR16,1
VB07,vBWMR17,1
VB07,vBWMR18,1
VB08,DD05,1
VB08,DD06,1
VB08,VA11,1
VB08,VD09,1
VB08,VD10,1
VB08,vBWML18,1
VB08,vBWML19,1
VB08,vBWML20,1
VB08,vBWMR18,1
VB08,vBWMR19,1
VB08,vBWMR20,1
VB09,DD05,1
VB09,DD06,1
VB09,VA11,1
VB09,VD10,1
VB09,VD11,1
VB09,vBWML19,1
VB09,vBWML20,1
VB09,vBWML21,1
VB09,vBWMR19,1
VB09,vBWMR20,1
VB09,vBWMR21,1
VB10,PVT,1
VB10,DD06,1
VB10,VA11,1
VB10,VD11,1
VB10,VD12,1
VB10,vBWML19,1
VB10,vBWML20,1
VB10,vBWML21,1
VB10,vBWML22,1
VB10,vBWMR20,1
VB10,vBWMR21,1
VB10,vBWMR22,1
VB11,PVWL,1
VB11,PVWR,1
VB11,PVCR,1
VB11,DD06,1
VB11,VA12,1
VB11,VD12,1
VB11,VD13,1
VB11,vBWML21,1
VB11,vBWML22,1
VB11,vBWML23,1
VB11,vBWMR21,1
VB11,vBWMR22,1
VB11,vBWMR23,1
VD01,DD01,1
VD01,VA01,1
VD01,VB01,1
VD01,vBWML7,1
VD01,vBWML8,1
VD02,AVEL,1
VD02,AS01,1
VD02,DD01,1
VD02,VA02,1
VD02,VB02,1
VD02,vBWML7,1
VD02,vBWMR7,1
VD02,vBWML8,1
VD02,vBWML9,1
VD02,vBWMR8,1
VD02,vBWMR9,1
VD03,DD01,1
VD03,VA03,1
VD03,VB02,1
VD03,VB03,1
VD03,vBWML10,1
VD03,vBWML11,1
VD03,vBWMR10,1
VD03,vBWMR11,1
VD04,VA04,1
VD04,VB03,1
VD04,vBWML12,1
VD04,vBWML13,1
VD04,vBWMR11,1
VD04,vBWMR12,1
VD04,vBWMR13,1
VD05,AVAR,1
VD05,DD03,1
VD05,VA05,1
VD05,VA06,1
VD05,VB01,1
VD05,VB04,1
VD05,vBWML12,1
VD05,vBWML13,1
VD05,vBWML14,1
VD05,vBWMR12,1
VD05,vBWMR13,1
VD06,PVNR,1
VD06,AVAL,1
VD06,DD03,1
VD06,VA06,1
VD06,VB05,1
VD06,vBWML13,1
VD06,vBWML14,1
VD06,vBWML15,1
VD06,vBWML16,1
VD06,vBWMR13,1
VD06,vBWMR14,1
VD06,vBWMR15,1
VD07,DD04,1
VD07,VA07,1
VD07,VB06,1
VD07,VB07,1
VD07,vBWML14,1
VD07,vBWML15,1
VD07,vBWML16,1
VD07,vBWMR14,1
VD07,vBWMR15,1
VD07,vBWMR16,1
VD07,vm1AR,1
VD08,PVT,1
VD08,DD04,1
VD08,VA08,1
VD08,VA09,1
VD08,VB07,1
VD08,vBWML15,1
VD08,vBWML16,1
VD08,vBWML17,1
VD08,vBWMR16,1
VD08,vBWMR17,1
VD08,vBWMR18,1
VD09,VA09,1
VD09,VB08,1
VD09,vBWML17,1
VD09,vBWML18,1
VD09,vBWML19,1
VD09,vBWMR18,1
VD09,vBWMR19,1
VD09,vBWMR20,1
VD10,VA10,1
VD10,VB09,1
VD10,vBWML18,1
VD10,vBWML19,1
VD10,vBWML20,1
VD10,vBWMR19,1
VD10,vBWMR20,1
VD10,vBWMR21,1
VD11,PVT,1
VD11,AVAR,1
VD11,DD06,1
VD11,VA11,1
VD11,VB10,1
VD11,vBWML19,1
VD11,vBWML20,1
VD11,vBWML21,1
VD11,vBWMR20,1
VD11,vBWMR21,1
VD11,vBWMR22,1
VD12,DD06,1
VD12,VA11,1
VD12,VA12,1
VD12,VB11,1
VD12,vBWML20,1
VD12,vBWML21,1
VD12,vBWML22,1
VD12,vBWMR20,1
VD12,vBWMR21,1
VD12,vBWMR22,1
VD12,vBWMR23,1
VD12,VC06,1
VD13,PVWL,1
VD13,AVAR,1
VD13,PVCR,1
VD13,DD06,1
VD13,VA12,1
VD13,VD12,1
VD13,VD13,1
VD13,dBWMR22,1
VD13,vBWML19,1
VD13,vBWML21,1
VD13,vBWML22,1
VD13,vBWML23,1
VD13,vBWMR21,1
VD13,vBWMR22,1
VD13,vBWMR23,1
VD13,vBWMR24,1
HSNL,ASJR,1
HSNL,AWAR,1
HSNL,AWBL,1
HSNL,AWBR,1
HSNL,ASKL,1
HSNL,ASKR,1
HSNL,ASHL,1
HSNL,ASHR,1
HSNL,ADLL,1
HSNL,ADLR,1
HSNL,AIMR,1
HSNL,RIR,1
HSNL,AIAL,1
HSNL,AIZL,1
HSNL,AIZR,1
HSNL,PVQL,1
HSNL,RIFL,1
HSNL,AVFL,1
HSNL,AVFR,1
HSNL,RMGR,1
HSNL,AVJL,1
HSNL,RIML,1
HSNL,vBWML11,1
HSNL,vBWML15,1
HSNL,vBWML16,1
HSNL,vBWMR11,1
HSNL,hyp,1
HSNL,HSNL,1
HSNL,HSNR,1
HSNL,VC05,1
HSNL,vm2AL,1
HSNL,vm2AR,1
HSNL,vm2PL,1
HSNL,vm2PR,1
HSNR,AWBL,1
HSNR,ASHL,1
HSNR,AIAL,1
HSNR,AIZL,1
HSNR,AIZR,1
HSNR,PVQR,1
HSNR,RIFR,1
HSNR,BDUR,1
HSNR,AVFL,1
HSNR,AVFR,1
HSNR,AVHL,1
HSNR,AVHR,1
HSNR,PVPR,1
HSNR,PVNR,1
HSNR,RMGR,1
HSNR,AIBL,1
HSNR,AVJL,1
HSNR,PVT,1
HSNR,AVDR,1
HSNR,RIML,1
HSNR,RIMR,1
HSNR,AVEL,1
HSNR,AVER,1
HSNR,RMDDR,1
HSNR,SABD,1
HSNR,SABVR,1
HSNR,DA05,1
HSNR,DA06,1
HSNR,DB05,1
HSNR,AS05,1
HSNR,VA06,1
HSNR,vBWMR9,1
HSNR,vBWMR10,1
HSNR,vBWMR15,1
HSNR,vBWMR16,1
HSNR,HSNL,1
HSNR,VC02,1
HSNR,VC03,1
HSNR,VC04,1
HSNR,VC05,1
HSNR,vm2AL,1
HSNR,vm2AR,1
HSNR,vm2PL,1
HSNR,vm2PR,1
VC01,AVFL,1
VC01,PVPR,1
VC01,DVC,1
VC01,PVT,1
VC01,AVL,1
VC01,DD01,1
VC01,DD02,1
VC01,DD03,1
VC01,VD01,1
VC01,VD02,1
VC01,VD03,1
VC01,VD04,1
VC01,VD05,1
VC01,VD06,1
VC01,vBWML7,1
VC01,vBWML9,1
VC01,vBWML11,1
VC01,vBWMR12,1
VC01,hyp,1
VC01,VC02,1
VC01,VC03,1
VC02,PVQR,1
VC02,PVPR,1
VC02,DVC,1
VC02,PVT,1
VC02,PVCL,1
VC02,DB04,1
VC02,DD01,1
VC02,DD02,1
VC02,DD03,1
VC02,VD01,1
VC02,VD02,1
VC02,VD04,1
VC02,VD05,1
VC02,VD06,1
VC02,vBWML8,1
VC02,vBWML9,1
VC02,vBWML11,1
VC02,vBWML13,1
VC02,vBWML14,1
VC02,vBWMR8,1
VC02,vBWMR9,1
VC02,vBWMR11,1
VC02,vBWMR12,1
VC02,vBWMR13,1
VC02,VC01,1
VC02,VC03,1
VC03,PVQR,1
VC03,PVPR,1
VC03,PVNR,1
VC03,AVJL,1
VC03,PVT,1
VC03,AVL,1
VC03,AVBL,1
VC03,SABVL,1
VC03,DD01,1
VC03,DD02,1
VC03,DD03,1
VC03,DD04,1
VC03,VB02,1
VC03,VB04,1
VC03,VD01,1
VC03,VD02,1
VC03,VD03,1
VC03,VD04,1
VC03,VD05,1
VC03,VD06,1
VC03,VD07,1
VC03,vBWML11,1
VC03,vBWML12,1
VC03,vBWML13,1
VC03,vBWML14,1
VC03,vBWML15,1
VC03,vBWML16,1
VC03,vBWMR11,1
VC03,vBWMR13,1
VC03,vBWMR15,1
VC03,HSNR,1
VC03,VC01,1
VC03,VC02,1
VC04,AVHR,1
VC04,AVBR,1
VC04,vBWML16,1
VC04,vBWMR16,1
VC04,VC03,1
VC04,VC05,1
VC04,vm2AL,1
VC04,vm2AR,1
VC04,vm2PL,1
VC04,vm2PR,1
VC05,PVR,1
VC05,AVFL,1
VC05,AVFR,1
VC05,DVC,1
VC05,PVT,1
VC05,vBWML15,1
VC05,vBWML16,1
VC05,HSNL,1
VC05,HSNR,1
VC05,VC04,1
VC05,VC05,1
VC05,vm2AL,1
VC05,vm2AR,1
VC05,vm2PL,1
VC05,vm2PR,1
VC06,PVNR,1
VC06,AVG,1
VC06,AVL,1
VC06,DD06,1
VC06,VD11,1
VC06,VD12,1
VC06,vBWML17,1
VC06,vBWMR17,1
VC06,vBWMR20,1
